connected_pair_pdr,deadline_delivery_ratio,energy_per_delivered_packet,mean_transmission_energy_proxy,method,p95_success_delay,scenario,training_seed
0.47067961165048544,0.3389285714285714,4.399790696171552,1.9830485209173208,Historical Untrained Local,7.0,ALL_POOLED,42
0.538252427184466,0.42857142857142855,3.3835688511286044,1.7123275221604402,Historical Untrained Local,7.0,ALL_POOLED,77
0.574757281553398,0.4807142857142857,3.245179876738288,1.736171234054984,Historical Untrained Local,6.0,ALL_POOLED,123
0.6442718446601942,0.5478571428571428,2.8180221661630576,1.6968519186253266,Historical Untrained Local,6.0,ALL_POOLED,314
0.5464077669902913,0.43714285714285717,3.698662108998371,1.895564330861665,Historical Untrained Local,7.0,ALL_POOLED,2718
0.6939805825242719,0.6214285714285714,2.607778994790608,1.6792234027169526,Historical PPO-only Local (No KD),6.0,ALL_POOLED,42
0.6722330097087379,0.6003571428571428,2.559384085067264,1.604185381890374,Historical PPO-only Local (No KD),6.0,ALL_POOLED,77
0.6535922330097087,0.5860714285714286,2.642579819338193,1.6063110187548588,Historical PPO-only Local (No KD),6.0,ALL_POOLED,123
0.6846601941747573,0.6103571428571428,2.6425196541831166,1.6864937935804392,Historical PPO-only Local (No KD),6.0,ALL_POOLED,314
0.6664077669902913,0.5914285714285714,2.5438402061210406,1.598076758059611,Historical PPO-only Local (No KD),6.0,ALL_POOLED,2718
0.6866019417475728,0.6285714285714286,1.8926080208614813,1.2011301618110186,Historical KD-only Local,5.0,ALL_POOLED,42
0.686990291262136,0.63,1.8743995518372658,1.190913143828034,Historical KD-only Local,5.0,ALL_POOLED,77
0.6897087378640777,0.6321428571428571,1.8797295815717854,1.19967027223885,Historical KD-only Local,5.0,ALL_POOLED,123
0.698252427184466,0.64,1.877160155268192,1.2127795431714854,Historical KD-only Local,4.0,ALL_POOLED,314
0.6815533980582524,0.6242857142857143,1.9124465587146458,1.2062073652464516,Historical KD-only Local,5.0,ALL_POOLED,2718
0.6881553398058252,0.6314285714285715,1.8709136905877781,1.1913711108278602,Historical KD+PPO Local,4.0,ALL_POOLED,42
0.6893203883495146,0.6317857142857143,1.8992765299680294,1.2114671009010358,Historical KD+PPO Local,4.0,ALL_POOLED,77
0.6862135922330097,0.6278571428571429,1.8808241915770367,1.1943233616514184,Historical KD+PPO Local,5.0,ALL_POOLED,123
0.6885436893203883,0.6307142857142857,1.8651414066445173,1.1890276467358798,Historical KD+PPO Local,5.0,ALL_POOLED,314
0.6819417475728156,0.6246428571428572,1.869484809876761,1.1797784496615131,Historical KD+PPO Local,5.0,ALL_POOLED,2718
0.7949514563106796,0.7289285714285715,1.982783594002004,1.492044654486508,Privileged Global Teacher,4.0,ALL_POOLED,42
0.8027184466019417,0.7353571428571428,2.0079901535199935,1.5153154265670523,Privileged Global Teacher,5.0,ALL_POOLED,77
0.7879611650485437,0.7225,2.019797210578562,1.4975353604146766,Privileged Global Teacher,5.0,ALL_POOLED,123
0.7937864077669903,0.7260714285714286,1.9912400085812179,1.484896120684851,Privileged Global Teacher,5.0,ALL_POOLED,314
0.8683495145631068,0.7925,2.118339164309628,1.7294726177185031,Privileged Global Teacher,6.0,ALL_POOLED,2718
0.8054368932038835,0.74,1.8833153864124896,1.4232483420174387,Geo-Residual Student,4.0,ALL_POOLED,42
0.8054368932038835,0.74,1.878702222115238,1.4197621078556584,Geo-Residual Student,4.0,ALL_POOLED,77
0.8034951456310679,0.7385714285714285,1.8886100456583172,1.4238770737088242,Geo-Residual Student,4.0,ALL_POOLED,123
0.8058252427184466,0.7407142857142858,1.8865021168400673,1.4270041012383081,Geo-Residual Student,4.0,ALL_POOLED,314
0.8062135922330097,0.7407142857142858,1.8812781537675636,1.4237244313690953,Geo-Residual Student,4.0,ALL_POOLED,2718
0.912621359223301,0.8385714285714285,2.076008974218976,1.7757291047337311,Predictive Prior Only,6.0,ALL_POOLED,42
0.9118446601941748,0.8382142857142857,2.074045485898551,1.7725681599125833,Predictive Prior Only,6.0,ALL_POOLED,77
0.9106796116504854,0.8367857142857142,2.0808202082096052,1.77612867772177,Predictive Prior Only,6.0,ALL_POOLED,123
0.9122330097087379,0.8382142857142857,2.0754803458511883,1.774535695702766,Predictive Prior Only,6.0,ALL_POOLED,314
0.9106796116504854,0.8360714285714286,2.0842331735446,1.779786256408978,Predictive Prior Only,6.0,ALL_POOLED,2718
0.912621359223301,0.8385714285714285,2.076008974218976,1.7757291047337311,Predictive Student (No Switch),6.0,ALL_POOLED,42
0.9114563106796116,0.8375,2.0765244212783407,1.7739451484634967,Predictive Student (No Switch),6.0,ALL_POOLED,77
0.9114563106796116,0.8375,2.0803092664144023,1.777178487594018,Predictive Student (No Switch),6.0,ALL_POOLED,123
0.9122330097087379,0.8382142857142857,2.0754803458511883,1.774535695702766,Predictive Student (No Switch),6.0,ALL_POOLED,314
0.8271844660194175,0.7596428571428572,1.9653600559613986,1.5266636148985864,Predictive Student (No Switch),6.0,ALL_POOLED,2718
0.912621359223301,0.8382142857142857,2.0823558011162713,1.7804142099544118,SwitchGLOBE Exact,6.0,ALL_POOLED,42
0.9122330097087379,0.8378571428571429,2.0801093945159335,1.7777506360987965,SwitchGLOBE Exact,6.0,ALL_POOLED,77
0.9095145631067961,0.8360714285714286,2.0879378317269826,1.7792213094644929,SwitchGLOBE Exact,6.0,ALL_POOLED,123
0.9122330097087379,0.8389285714285715,2.08197907188511,1.780092106461769,SwitchGLOBE Exact,6.0,ALL_POOLED,314
0.9114563106796116,0.8371428571428572,2.0813932179492958,1.7781044919052555,SwitchGLOBE Exact,6.0,ALL_POOLED,2718
0.9087378640776699,0.8335714285714285,2.1118114918814648,1.799565078438991,FastSwitchGLOBE,6.0,ALL_POOLED,42
0.8998058252427185,0.8246428571428571,2.1570515611352374,1.8196270669290822,FastSwitchGLOBE,6.0,ALL_POOLED,77
0.8699029126213592,0.7896428571428571,2.3862138513764157,1.9498776042675854,FastSwitchGLOBE,6.0,ALL_POOLED,123
0.8803883495145631,0.7992857142857143,2.3175089224334053,1.9136002245235835,FastSwitchGLOBE,6.0,ALL_POOLED,314
0.9036893203883495,0.8278571428571428,2.1631270870419055,1.836340387820932,FastSwitchGLOBE,6.0,ALL_POOLED,2718
