operator,count,self_cpu_time_total_us,self_cuda_time_total_us,cpu_memory_usage_bytes,cuda_memory_usage_bytes,input_shapes
"void at::native::reduce_kernel<512, 1, at::native::ReduceOp<bool, at::native::func_wrapper_t<bool, at::native::and_kernel_cuda(at::TensorIterator&)::{lambda()#1}::operator()() const::{lambda()#12}::operator()() const::{lambda(bool, bool)#1}>, unsigned int, bool, 4, 4> >(at::native::ReduceOp<bool, at::native::func_wrapper_t<bool, at::native::and_kernel_cuda(at::TensorIterator&)::{lambda()#1}::operator()() const::{lambda()#12}::operator()() const::{lambda(bool, bool)#1}>, unsigned int, bool, 4, 4>)",210,0.0,1036.001000000072,0,0,[]
aten::cat,210,3012.160999999914,870.0839999999384,0,430080,"[[], []]"
aten::_local_scalar_dense,330,2150.109000000234,724.7350000001175,0,0,[[]]
Memcpy DtoH (Device -> Pinned),330,0.0,724.7350000001175,0,0,[]
ampere_sgemm_32x32_sliced1x4_tn,90,0.0,677.0219999999786,0,0,[]
"void at::native::vectorized_elementwise_kernel<4, at::native::BinaryFunctor<bool, bool, bool, at::native::binary_internal::MulFunctor<bool> >, std::array<char*, 3ul> >(int, at::native::BinaryFunctor<bool, bool, bool, at::native::binary_internal::MulFunctor<bool> >, std::array<char*, 3ul>)",210,0.0,575.579999999934,0,0,[]
Memcpy DtoD (Device -> Device),240,0.0,568.0030000000083,0,0,[]
"void at::native::vectorized_elementwise_kernel<4, at::native::AUnaryFunctor<float, float, bool, at::native::(anonymous namespace)::CompareEqFunctor<float> >, std::array<char*, 2ul> >(int, at::native::AUnaryFunctor<float, float, bool, at::native::(anonymous namespace)::CompareEqFunctor<float> >, std::array<char*, 2ul>)",210,0.0,544.3860000000102,0,0,[]
"void at::native::vectorized_elementwise_kernel<4, at::native::BinaryFunctor<float, float, bool, at::native::(anonymous namespace)::CompareEqFunctor<float> >, std::array<char*, 3ul> >(int, at::native::BinaryFunctor<float, float, bool, at::native::(anonymous namespace)::CompareEqFunctor<float> >, std::array<char*, 3ul>)",210,0.0,542.0090000000625,0,0,[]
"void at::native::vectorized_elementwise_kernel<4, at::native::AbsFunctor<float>, std::array<char*, 2ul> >(int, at::native::AbsFunctor<float>, std::array<char*, 2ul>)",210,0.0,510.70800000000304,0,0,[]
"void at::native::reduce_kernel<512, 1, at::native::ReduceOp<bool, at::native::func_wrapper_t<bool, at::native::or_kernel_cuda(at::TensorIterator&)::{lambda()#1}::operator()() const::{lambda()#12}::operator()() const::{lambda(bool, bool)#1}>, unsigned int, bool, 4, 4> >(at::native::ReduceOp<bool, at::native::func_wrapper_t<bool, at::native::or_kernel_cuda(at::TensorIterator&)::{lambda()#1}::operator()() const::{lambda()#12}::operator()() const::{lambda(bool, bool)#1}>, unsigned int, bool, 4, 4>)",90,0.0,499.0729999999671,0,0,[]
"void at::native::vectorized_elementwise_kernel<4, at::native::(anonymous namespace)::launch_clamp_scalar(at::TensorIteratorBase&, c10::Scalar, c10::Scalar, at::native::detail::ClampLimits)::{lambda()#1}::operator()() const::{lambda()#7}::operator()() const::{lambda(float)#1}, std::array<char*, 2ul> >(int, at::native::(anonymous namespace)::launch_clamp_scalar(at::TensorIteratorBase&, c10::Scalar, c10::Scalar, at::native::detail::ClampLimits)::{lambda()#1}::operator()() const::{lambda()#7}::operator()() const::{lambda(float)#1}, std::array<char*, 2ul>)",180,0.0,482.0830000000219,0,0,[]
aten::all,90,1353.56899999997,474.69000000003734,0,46080,"[[1, 33]]"
aten::addmm,60,1931.577000000003,379.9710000000705,0,30720,"[[1], [1, 32], [32, 1], [], []]"
"std::enable_if<!(false), void>::type internal::gemvx::kernel<int, int, float, float, float, float, false, true, true, false, 7, false, cublasGemvParamsEx<int, cublasGemvTensorStridedBatched<float const>, cublasGemvTensorStridedBatched<float const>, cublasGemvTensorStridedBatched<float>, float> >(cublasGemvParamsEx<int, cublasGemvTensorStridedBatched<float const>, cublasGemvTensorStridedBatched<float const>, cublasGemvTensorStridedBatched<float>, float>)",90,0.0,342.7260000000115,0,0,[]
Memcpy HtoD (Pageable -> Device),238,0.0,337.7900000000029,0,0,[]
aten::any,60,1121.6939999998463,330.6239999999966,0,30720,"[[1, 33], [], []]"
"void at::native::(anonymous namespace)::CatArrayBatchedCopy<at::native::(anonymous namespace)::OpaqueType<4u>, unsigned int, 3, 64, 64>(at::native::(anonymous namespace)::OpaqueType<4u>*, at::native::(anonymous namespace)::CatArrInputTensorMetadata<at::native::(anonymous namespace)::OpaqueType<4u>, unsigned int, 64, 64>, at::native::(anonymous namespace)::TensorSizeStride<unsigned int, 4u>, int, unsigned int)",60,0.0,322.97299999996767,0,0,[]
"void at::native::reduce_kernel<512, 1, at::native::ReduceOp<float, at::native::func_wrapper_t<float, at::native::sum_functor<float, float, float>::operator()(at::TensorIterator&)::{lambda(float, float)#1}>, unsigned int, float, 4, 4> >(at::native::ReduceOp<float, at::native::func_wrapper_t<float, at::native::sum_functor<float, float, float>::operator()(at::TensorIterator&)::{lambda(float, float)#1}>, unsigned int, float, 4, 4>)",60,0.0,303.48899999995956,0,0,[]
aten::all,60,944.3560000000098,290.5260000000276,0,30720,"[[1, 6]]"
aten::copy_,120,789.7479999999864,277.81899999998404,0,0,"[[], [], []]"
aten::sum,30,525.4929999999531,270.04500000000917,0,15360,"[[1, 32, 32], [], [], []]"
"void at::native::reduce_kernel<128, 4, at::native::ReduceOp<float, at::native::func_wrapper_t<float, at::native::sum_functor<float, float, float>::operator()(at::TensorIterator&)::{lambda(float, float)#1}>, unsigned int, float, 4, 4> >(at::native::ReduceOp<float, at::native::func_wrapper_t<float, at::native::sum_functor<float, float, float>::operator()(at::TensorIterator&)::{lambda(float, float)#1}>, unsigned int, float, 4, 4>)",30,0.0,270.04500000000917,0,0,[]
aten::addmm,30,999.5960000000482,251.38999999998077,0,122880,"[[32], [32, 64], [64, 32], [], []]"
aten::mul,90,838.8190000001096,250.30499999998574,0,46080,"[[1, 33], [1, 33]]"
"void at::native::(anonymous namespace)::CatArrayBatchedCopy_alignedK_contig<at::native::(anonymous namespace)::OpaqueType<4u>, unsigned int, 2, 128, 1, 16>(at::native::(anonymous namespace)::OpaqueType<4u>*, at::native::(anonymous namespace)::CatArrInputTensorMetadata<at::native::(anonymous namespace)::OpaqueType<4u>, unsigned int, 128, 1>, at::native::(anonymous namespace)::TensorSizeStride<unsigned int, 4u>, int, unsigned int)",60,0.0,240.2559999999421,0,0,[]
"std::enable_if<!(false), void>::type internal::gemvx::kernel<int, int, float, float, float, float, false, true, false, false, 7, false, cublasGemvParamsEx<int, cublasGemvTensorStridedBatched<float const>, cublasGemvTensorStridedBatched<float const>, cublasGemvTensorStridedBatched<float>, float> >(cublasGemvParamsEx<int, cublasGemvTensorStridedBatched<float const>, cublasGemvTensorStridedBatched<float const>, cublasGemvTensorStridedBatched<float>, float>)",60,0.0,239.6500000000333,0,0,[]
aten::ne,90,1483.3510000000115,236.13299999990886,0,46080,"[[1, 33], []]"
aten::eq,90,779.766000000021,235.55500000004213,0,46080,"[[1, 33], [1, 33]]"
aten::clamp_min,90,1120.0799999999567,232.06599999995706,0,368640,"[[1, 32, 32], []]"
"void at::native::(anonymous namespace)::CatArrayBatchedCopy_vectorized<at::native::(anonymous namespace)::OpaqueType<4u>, unsigned int, 2, 128, 1, 16, 4>(char*, at::native::(anonymous namespace)::CatArrInputTensorMetadata<at::native::(anonymous namespace)::OpaqueType<4u>, unsigned int, 128, 1>, at::native::(anonymous namespace)::TensorSizeStride<unsigned int, 4u>, int, unsigned int)",60,0.0,231.45700000003762,0,0,[]
aten::addmm,30,1074.0139999999365,227.23299999997516,0,122880,"[[32], [32, 27], [27, 32], [], []]"
aten::addmm,60,1925.3430000000021,226.85499999998228,0,30720,"[[32], [1, 44], [44, 32], [], []]"
aten::abs,90,845.9949999999726,219.51399999998966,0,0,"[[1, 33], [0]]"
aten::addmm,30,1155.1079999999429,212.1580000000622,0,15360,"[[1], [32, 32], [32, 1], [], []]"
aten::argmax,30,587.323999999925,201.79199999994307,0,15360,"[[33], [], []]"
"void at::native::reduce_kernel<512, 1, at::native::ReduceOp<float, at::native::ArgMaxOps<float>, unsigned int, long, 4, 4> >(at::native::ReduceOp<float, at::native::ArgMaxOps<float>, unsigned int, long, 4, 4>)",30,0.0,201.79199999994307,0,0,[]
aten::addmm,30,757.7700000000868,198.39900000002262,0,122880,"[[32], [32, 32], [32, 32], [], []]"
"void at::native::unrolled_elementwise_kernel<at::native::direct_copy_kernel_cuda(at::TensorIteratorBase&)::{lambda()#3}::operator()() const::{lambda()#7}::operator()() const::{lambda(float)#1}, std::array<char*, 2ul>, 4, TrivialOffsetCalculator<1, unsigned int>, TrivialOffsetCalculator<1, unsigned int>, at::native::memory::LoadWithCast<1>, at::native::memory::StoreWithCast<1> >(int, at::native::direct_copy_kernel_cuda(at::TensorIteratorBase&)::{lambda()#3}::operator()() const::{lambda()#7}::operator()() const::{lambda(float)#1}, std::array<char*, 2ul>, TrivialOffsetCalculator<1, unsigned int>, TrivialOffsetCalculator<1, unsigned int>, at::native::memory::LoadWithCast<1>, at::native::memory::StoreWithCast<1>)",60,0.0,186.56000000006406,0,0,[]
aten::any,30,521.71400000003,168.4489999999705,0,15360,[[32]]
aten::clamp_min,60,749.4500000000007,167.93600000003426,0,30720,"[[1, 32], []]"
aten::masked_fill_,60,439.98400000004904,164.57600000004777,0,0,"[[1, 33], [1, 33], []]"
"void at::native::vectorized_elementwise_kernel<4, at::native::(anonymous namespace)::masked_fill_kernel(at::TensorIterator&, c10::Scalar const&)::{lambda()#1}::operator()() const::{lambda()#7}::operator()() const::{lambda(float, bool)#1}, std::array<char*, 3ul> >(int, at::native::(anonymous namespace)::masked_fill_kernel(at::TensorIterator&, c10::Scalar const&)::{lambda()#1}::operator()() const::{lambda()#7}::operator()() const::{lambda(float, bool)#1}, std::array<char*, 3ul>)",60,0.0,164.57600000004777,0,0,[]
aten::bitwise_not,60,570.8740000000234,163.81199999998034,0,30720,"[[1, 33]]"
"void at::native::vectorized_elementwise_kernel<4, at::native::bitwise_not_kernel_cuda(at::TensorIteratorBase&)::{lambda(bool)#1}, std::array<char*, 2ul> >(int, at::native::bitwise_not_kernel_cuda(at::TensorIteratorBase&)::{lambda(bool)#1}, std::array<char*, 2ul>)",60,0.0,163.81199999998034,0,0,[]
aten::mul,60,515.6879999999069,163.58099999996057,0,30720,"[[1, 6], [1, 6]]"
aten::eq,60,511.5159999999985,154.1980000000392,0,30720,"[[1, 6], [1, 6]]"
aten::ne,60,983.816999999925,153.91900000005285,0,30720,"[[1, 6], []]"
aten::sum,30,432.3849999999825,152.41399999998157,0,15360,"[[1, 32, 1], [], [], []]"
aten::sum,30,565.4790000000557,151.074999999978,0,15360,"[[], []]"
aten::abs,60,588.7829999999774,144.79799999999182,0,0,"[[1, 6], [0]]"
aten::copy_,60,377.3309999999665,141.15099999996846,0,0,"[[1, 33], [1, 33], []]"
aten::all,30,438.08899999994446,136.92900000000236,0,15360,"[[1, 32, 2]]"
aten::all,30,423.34799999992174,133.85600000000477,0,15360,"[[1, 32, 7]]"
aten::copy_,60,387.6939999998058,131.77400000002854,0,0,"[[33], [33], []]"
aten::div,30,348.8429999999835,108.671000000003,0,15360,"[[1, 32], [1, 1]]"
"void at::native::elementwise_kernel<128, 2, at::native::gpu_kernel_impl_nocast<at::native::BinaryFunctor<float, float, float, at::native::binary_internal::DivFunctor<float> > >(at::TensorIteratorBase&, at::native::BinaryFunctor<float, float, float, at::native::binary_internal::DivFunctor<float> > const&)::{lambda(int)#1}>(int, at::native::gpu_kernel_impl_nocast<at::native::BinaryFunctor<float, float, float, at::native::binary_internal::DivFunctor<float> > >(at::TensorIteratorBase&, at::native::BinaryFunctor<float, float, float, at::native::binary_internal::DivFunctor<float> > const&)::{lambda(int)#1})",30,0.0,108.671000000003,0,0,[]
aten::mul,30,385.7630000000536,106.11299999999255,0,122880,"[[1, 32, 32], [1, 32, 1]]"
"void at::native::elementwise_kernel<128, 2, at::native::gpu_kernel_impl_nocast<at::native::BinaryFunctor<float, float, float, at::native::binary_internal::MulFunctor<float> > >(at::TensorIteratorBase&, at::native::BinaryFunctor<float, float, float, at::native::binary_internal::MulFunctor<float> > const&)::{lambda(int)#1}>(int, at::native::gpu_kernel_impl_nocast<at::native::BinaryFunctor<float, float, float, at::native::binary_internal::MulFunctor<float> > >(at::TensorIteratorBase&, at::native::BinaryFunctor<float, float, float, at::native::binary_internal::MulFunctor<float> > const&)::{lambda(int)#1})",30,0.0,106.11299999999255,0,0,[]
aten::_softmax,30,290.04500000000735,101.50500000000284,0,15360,"[[1, 33], [], []]"
"void (anonymous namespace)::softmax_warp_forward<float, float, float, 6, false, false>(float*, float const*, int, int, int, bool const*, int, bool)",30,0.0,101.50500000000284,0,0,[]
"void at::native::elementwise_kernel<128, 2, at::native::gpu_kernel_impl_nocast<at::native::direct_copy_kernel_cuda(at::TensorIteratorBase&)::{lambda()#3}::operator()() const::{lambda()#7}::operator()() const::{lambda(float)#1}>(at::TensorIteratorBase&, at::native::direct_copy_kernel_cuda(at::TensorIteratorBase&)::{lambda()#3}::operator()() const::{lambda()#7}::operator()() const::{lambda(float)#1} const&)::{lambda(int)#1}>(int, at::native::gpu_kernel_impl_nocast<at::native::direct_copy_kernel_cuda(at::TensorIteratorBase&)::{lambda()#3}::operator()() const::{lambda()#7}::operator()() const::{lambda(float)#1}>(at::TensorIteratorBase&, at::native::direct_copy_kernel_cuda(at::TensorIteratorBase&)::{lambda()#3}::operator()() const::{lambda()#7}::operator()() const::{lambda(float)#1} const&)::{lambda(int)#1})",30,0.0,96.287000000033,0,0,[]
aten::copy_,30,292.88099999999076,92.60900000006131,0,0,"[[1, 32, 1], [1, 32, 1], []]"
"void at::native::unrolled_elementwise_kernel<at::native::direct_copy_kernel_cuda(at::TensorIteratorBase&)::{lambda()#3}::operator()() const::{lambda()#11}::operator()() const::{lambda(bool)#1}, std::array<char*, 2ul>, 4, TrivialOffsetCalculator<1, unsigned int>, TrivialOffsetCalculator<1, unsigned int>, at::native::memory::LoadWithCast<1>, at::native::memory::StoreWithCast<1> >(int, at::native::direct_copy_kernel_cuda(at::TensorIteratorBase&)::{lambda()#3}::operator()() const::{lambda()#11}::operator()() const::{lambda(bool)#1}, std::array<char*, 2ul>, TrivialOffsetCalculator<1, unsigned int>, TrivialOffsetCalculator<1, unsigned int>, at::native::memory::LoadWithCast<1>, at::native::memory::StoreWithCast<1>)",30,0.0,91.13599999999337,0,0,[]
aten::ge,30,574.9289999999892,89.50500000000011,0,15360,"[[], []]"
"void at::native::vectorized_elementwise_kernel<4, at::native::compare_scalar_kernel<float>(at::TensorIteratorBase&, at::native::(anonymous namespace)::OpType, float)::{lambda(float)#1}, std::array<char*, 2ul> >(int, at::native::compare_scalar_kernel<float>(at::TensorIteratorBase&, at::native::(anonymous namespace)::OpType, float)::{lambda(float)#1}, std::array<char*, 2ul>)",30,0.0,89.50500000000011,0,0,[]
aten::copy_,60,351.4769999999878,86.5930000000053,0,0,"[[32, 2], [32, 2], []]"
aten::copy_,60,468.3129999999353,84.28599999997391,0,0,"[[6], [6], []]"
aten::clamp_min,30,322.49999999996226,82.0810000000306,0,15360,"[[1, 1], []]"
aten::mul,30,239.01199999995924,81.63299999999072,0,15360,"[[1, 32, 7], [1, 32, 7]]"
aten::mul,30,262.2640000001238,80.06099999999697,0,15360,"[[1, 32, 2], [1, 32, 2]]"
aten::ne,30,375.60699999998997,78.8150000000278,0,15360,"[[1, 32, 7], []]"
aten::eq,30,253.8500000000049,76.80100000001539,0,15360,"[[1, 32, 7], [1, 32, 7]]"
aten::ne,30,387.61700000000883,75.5190000000207,0,15360,"[[1, 32, 2], []]"
aten::eq,30,236.58700000000454,75.45499999996582,0,15360,"[[1, 32, 2], [1, 32, 2]]"
aten::abs,30,245.44500000004018,74.39499999996679,0,0,"[[1, 32, 7], [0]]"
aten::abs,30,249.06400000000758,72.00100000005477,0,0,"[[1, 32, 2], [0]]"
aten::copy_,30,203.86999999996806,68.35200000001441,0,0,"[[32], [32], []]"
aten::copy_,30,221.86200000003282,66.30499999997119,0,0,"[[1], [1], []]"
Memcpy DtoH (Device -> Pageable),30,0.0,66.30499999997119,0,0,[]
aten::copy_,30,170.38200000003803,43.74599999999759,0,0,"[[32, 4], [32, 4], []]"
aten::copy_,30,187.07300000008308,41.440000000006876,0,0,"[[32, 7], [32, 7], []]"
aten::lift_fresh,60,19.856999999984026,0.0,0,0,[[6]]
aten::to,60,166.82999999990102,0.0,0,0,"[[6], [], [], [], [], []]"
aten::_to_copy,60,334.484000000042,0.0,0,0,"[[6], [], [], [], [], [], []]"
aten::empty_strided,360,1944.32600000004,0.0,120,184320,"[[], [], [], [], [], []]"
Activity Buffer Request,1,580.395,0.0,0,0,[]
cudaStreamIsCapturing,270,247.76800000004357,0.0,0,0,[]
cudaMemcpyAsync,840,7810.30299999995,0.0,0,0,[]
cudaStreamSynchronize,600,5843.978999999977,0.0,0,0,[]
aten::to,60,42.491999999977224,0.0,0,0,"[[6], [], [], [], []]"
aten::lift_fresh,30,6.21000000000322,0.0,0,0,"[[32, 7]]"
aten::to,30,66.7339999999333,0.0,0,0,"[[32, 7], [], [], [], [], []]"
aten::_to_copy,30,128.07499999999823,0.0,0,0,"[[32, 7], [], [], [], [], [], []]"
aten::to,30,17.90100000002053,0.0,0,0,"[[32, 7], [], [], [], []]"
aten::lift_fresh,60,15.876000000002477,0.0,0,0,"[[32, 2]]"
aten::to,60,207.03999999996745,0.0,0,0,"[[32, 2], [], [], [], [], []]"
aten::_to_copy,60,240.8110000000629,0.0,0,0,"[[32, 2], [], [], [], [], [], []]"
aten::to,60,35.83699999996588,0.0,0,0,"[[32, 2], [], [], [], []]"
aten::lift_fresh,30,6.20099999999411,0.0,0,0,[[33]]
aten::to,30,55.810999999969226,0.0,0,0,"[[33], [], [], [], [], []]"
aten::_to_copy,60,286.2590000000605,0.0,0,0,"[[33], [], [], [], [], [], []]"
aten::to,30,47.2410000000275,0.0,0,0,"[[33], [], [], [], []]"
cudaLaunchKernel,2220,17060.827999999856,0.0,0,0,[]
[memory],1980,0.0,0.0,-120,-2058240,[]
aten::lift_fresh,30,5.932000000014568,0.0,0,0,"[[32, 4]]"
aten::to,30,56.9359999999931,0.0,0,0,"[[32, 4], [], [], [], [], []]"
aten::_to_copy,30,143.0309999999697,0.0,0,0,"[[32, 4], [], [], [], [], [], []]"
aten::to,30,16.529000000000224,0.0,0,0,"[[32, 4], [], [], [], []]"
aten::unsqueeze,60,183.2900000000327,0.0,0,0,"[[6], []]"
aten::as_strided,60,79.09999999995739,0.0,0,0,"[[6], [], [], []]"
aten::unsqueeze,30,74.32600000000116,0.0,0,0,"[[32, 7], []]"
aten::as_strided,30,27.435999999989235,0.0,0,0,"[[32, 7], [], [], []]"
aten::unsqueeze,60,178.00400000001355,0.0,0,0,"[[32, 2], []]"
aten::as_strided,60,56.85700000001816,0.0,0,0,"[[32, 2], [], [], []]"
aten::unsqueeze,30,61.669999999957554,0.0,0,0,"[[33], []]"
aten::as_strided,60,54.524999999993724,0.0,0,0,"[[33], [], [], []]"
aten::isfinite,60,567.561000000079,0.0,0,-92160,"[[1, 6]]"
aten::abs,60,248.35800000001018,0.0,0,0,"[[1, 6]]"
aten::empty,270,1275.5619999998933,0.0,0,30720,"[[], [], [], [], [], []]"
aten::resize_,210,833.3940000001242,0.0,0,122880,"[[0], [], []]"
aten::as_strided,330,313.90700000014044,0.0,0,0,"[[], [], [], []]"
aten::is_nonzero,270,567.069999999924,0.0,0,0,[[]]
aten::item,330,703.3770000000102,0.0,0,0,[[]]
aten::isfinite,30,236.83299999995006,0.0,0,-46080,"[[1, 32, 2]]"
aten::abs,30,114.59799999994948,0.0,0,0,"[[1, 32, 2]]"
aten::isfinite,30,229.17000000001872,0.0,0,-61440,"[[1, 32, 7]]"
aten::abs,30,111.44000000001006,0.0,0,0,"[[1, 32, 7]]"
aten::unsqueeze,30,63.75700000005736,0.0,0,0,"[[32, 4], []]"
aten::as_strided,30,23.32699999996339,0.0,0,0,"[[32, 4], [], [], []]"
aten::to,30,26.30400000000418,0.0,0,0,"[[1, 32, 2], [], [], [], [], []]"
aten::to,30,13.097000000035223,0.0,0,0,"[[1, 32, 4], [], [], [], [], []]"
aten::unsqueeze,30,88.8440000000187,0.0,0,0,"[[1, 12], []]"
aten::as_strided,30,27.471999999972013,0.0,0,0,"[[1, 12], [], [], []]"
aten::expand,30,96.69699999994145,0.0,0,0,"[[1, 1, 12], [], []]"
aten::as_strided,30,36.524000000044,0.0,0,0,"[[1, 1, 12], [], [], []]"
aten::linear,30,320.590000000027,0.0,0,0,"[[1, 32, 27], [32, 27], [32]]"
aten::view,30,54.46800000001849,0.0,0,0,"[[1, 32, 27], []]"
aten::t,30,140.81200000001172,0.0,0,0,"[[32, 27]]"
aten::transpose,30,83.40600000004133,0.0,0,0,"[[32, 27], [], []]"
aten::as_strided,30,32.355999999950654,0.0,0,0,"[[32, 27], [], [], []]"
cudaOccupancyMaxActiveBlocksPerMultiprocessor,90,156.8119999999558,0.0,0,0,[]
aten::view,90,97.29300000004196,0.0,0,0,"[[32, 32], []]"
aten::relu,90,339.3350000000901,0.0,0,0,"[[1, 32, 32]]"
aten::linear,30,228.76899999992338,0.0,0,0,"[[1, 32, 32], [32, 32], [32]]"
aten::view,60,59.61100000004308,0.0,0,0,"[[1, 32, 32], []]"
aten::t,30,87.61900000003016,0.0,0,0,"[[32, 32]]"
aten::transpose,30,73.3669999999911,0.0,0,0,"[[32, 32], [], []]"
aten::as_strided,30,36.357999999989715,0.0,0,0,"[[32, 32], [], [], []]"
aten::slice,30,113.66500000002998,0.0,0,0,"[[1, 33], [], [], [], []]"
aten::as_strided,120,94.63400000004958,0.0,0,0,"[[1, 33], [], [], []]"
aten::unsqueeze,60,196.77099999998245,0.0,0,0,"[[1, 32], []]"
aten::as_strided,180,183.23699999996552,0.0,0,0,"[[1, 32], [], [], []]"
aten::to,30,65.98599999999487,0.0,0,0,"[[1, 32, 1], [], [], [], []]"
aten::_to_copy,30,181.18000000005168,0.0,0,0,"[[1, 32, 1], [], [], [], [], [], []]"
aten::as_strided,60,53.86599999992677,0.0,0,0,"[[1, 1], [], [], []]"
aten::expand,30,94.55200000000514,0.0,0,0,"[[1, 1, 32], [], []]"
aten::as_strided,30,32.94799999997804,0.0,0,0,"[[1, 1, 32], [], [], []]"
aten::linear,30,272.3729999999955,0.0,0,0,"[[1, 32, 64], [32, 64], [32]]"
aten::view,30,46.50899999998819,0.0,0,0,"[[1, 32, 64], []]"
aten::t,30,111.75599999998076,0.0,0,0,"[[32, 64]]"
aten::transpose,30,99.57699999997567,0.0,0,0,"[[32, 64], [], []]"
aten::as_strided,30,30.387000000034277,0.0,0,0,"[[32, 64], [], [], []]"
aten::linear,30,238.15699999994558,0.0,0,0,"[[1, 32, 32], [1, 32], [1]]"
aten::t,90,251.77499999991414,0.0,0,0,"[[1, 32]]"
aten::transpose,90,280.4010000001008,0.0,0,0,"[[1, 32], [], []]"
aten::expand,90,350.8080000000209,0.0,0,0,"[[1], [], []]"
aten::as_strided,210,172.96000000007461,0.0,0,0,"[[1], [], [], []]"
aten::view,30,33.73899999999867,0.0,0,0,"[[32, 1], []]"
aten::squeeze,30,106.43700000008221,0.0,0,0,"[[1, 32, 1], []]"
aten::as_strided,30,31.23199999996268,0.0,0,0,"[[1, 32, 1], [], [], []]"
aten::linear,60,247.61600000000317,0.0,0,0,"[[1, 44], [32, 44], [32]]"
aten::t,60,270.25499999995964,0.0,0,0,"[[32, 44]]"
aten::transpose,60,190.8020000000106,0.0,0,0,"[[32, 44], [], []]"
aten::as_strided,60,86.60300000001553,0.0,0,0,"[[32, 44], [], [], []]"
aten::relu,60,214.49699999993163,0.0,0,0,"[[1, 32]]"
aten::linear,60,181.1819999999948,0.0,0,0,"[[1, 32], [1, 32], [1]]"
aten::to,60,52.01399999999239,0.0,0,0,"[[1, 33], [], [], [], []]"
aten::all,60,585.2360000000613,0.0,0,30720,[[1]]
aten::view_as,60,159.96499999998787,0.0,0,0,"[[1], []]"
aten::view,60,79.3080000000241,0.0,0,0,"[[1], []]"
aten::to,90,84.36099999996759,0.0,0,0,"[[], [], [], [], []]"
aten::isfinite,90,840.8940000000148,0.0,0,-138240,"[[1, 33]]"
aten::abs,90,363.9490000000478,0.0,0,0,"[[1, 33]]"
aten::masked_fill,60,307.3689999999301,0.0,0,0,"[[1, 33], [1, 33], []]"
aten::clone,60,330.27700000001596,0.0,0,0,"[[1, 33], []]"
aten::empty_like,60,176.39800000007472,0.0,0,0,"[[1, 33], [], [], [], [], []]"
aten::softmax,30,77.00900000002639,0.0,0,0,"[[1, 33], [], []]"
aten::squeeze,30,123.47400000004927,0.0,0,0,"[[1, 1], []]"
aten::squeeze,90,204.4559999999201,0.0,0,0,"[[1, 33], []]"
aten::squeeze,30,62.30899999998837,0.0,0,0,"[[1], []]"
aten::_to_copy,30,193.55499999996846,0.0,0,0,"[[], [], [], [], [], [], []]"
aten::reshape,30,63.94899999998415,0.0,0,0,"[[], []]"
aten::view,30,40.642000000055305,0.0,0,0,"[[], []]"
aten::stack,30,121.4680000000435,0.0,0,0,"[[], []]"
aten::unsqueeze,30,100.57199999996374,0.0,0,0,"[[], []]"
aten::narrow,30,102.337999999977,0.0,0,0,"[[1], [], [], []]"
aten::slice,30,102.75400000002719,0.0,0,0,"[[1], [], [], [], []]"
aten::detach,30,43.24299999998129,0.0,0,0,[[1]]
aten::to,30,77.63500000003569,0.0,0,0,"[[1], [], [], [], [], [], [], []]"
aten::_to_copy,30,157.2279999999946,0.0,0,0,"[[1], [], [], [], [], [], []]"
aten::resolve_conj,30,15.291999999989457,0.0,0,0,[[1]]
aten::resolve_neg,30,5.525999999998021,0.0,0,0,[[1]]
aten::reshape,30,54.51799999999275,0.0,0,0,"[[33], []]"
aten::view,30,42.14800000001378,0.0,0,0,"[[33], []]"
aten::slice,30,124.60099999999875,0.0,0,0,"[[33], [], [], [], []]"
aten::to,30,24.43100000000868,0.0,0,0,"[[32], [], [], [], []]"
aten::clone,30,146.05700000009347,0.0,0,0,"[[32], []]"
aten::lift_fresh,30,13.512999999993554,0.0,0,0,[[]]
aten::select,30,129.8249999999698,0.0,0,0,"[[32], [], []]"
aten::as_strided,30,52.33100000002378,0.0,0,0,"[[32], [], [], []]"
cudaDeviceSynchronize,2,10.760999999998603,0.0,0,0,[]
