decision_steps,gate_margin,mean_outcome_divergence_rate_across_seeds,mean_skip_rate_across_seeds,outcome_divergence_rate_of_all_steps,outcome_divergence_rate_of_skipped,scope,seed_count,skip_rate
43467.0,0.0000,0.0,0.7427560405503318,0.0,0.0,overall,5,0.7427473715692364
2342.0,0.0000,0.0,0.8591001038762233,0.0,0.0,heldout_medium,5,0.8590947907771136
2322.0,0.0000,0.0,0.6699148577763434,0.0,0.0,ood_extreme_mobility,5,0.669681309216193
2316.0,0.0000,0.0,0.8066339788812226,0.0,0.0,ood_fast_mobility,5,0.8065630397236615
2454.0,0.0000,0.0,0.8350135692844521,0.0,0.0,ood_link_loss,5,0.8349633251833741
2537.0,0.0000,0.0,0.7626211110842498,0.0,0.0,ood_link_loss_30,5,0.7627118644067796
2599.0,0.0000,0.0,0.8549607232844227,0.0,0.0,ood_nodes_10,5,0.8549442093112736
2946.0,0.0000,0.0,0.8441798715617368,0.0,0.0,ood_nodes_16,5,0.8441955193482689
3688.0,0.0000,0.0,0.8339635047836712,0.0,0.0,ood_nodes_24,5,0.834056399132321
2234.0,0.0000,0.0,0.8554358403306548,0.0,0.0,ood_sparse,5,0.8554162936436884
4565.0,0.0000,0.0,0.5765607886089814,0.0,0.0,predictive_break_225_link_loss,5,0.5765607886089814
6000.0,0.0000,0.0,0.7666666666666667,0.0,0.0,predictive_break_45,5,0.7666666666666667
3355.0,0.0000,0.0,0.6020864381520119,0.0,0.0,structural_hole_225_link_loss,5,0.6020864381520119
4000.0,0.0000,0.0,0.75,0.0,0.0,structural_hole_45,5,0.75
2109.0,0.0000,0.0,0.4353537821540831,0.0,0.0,unconditional_sparse,5,0.4352773826458037
43467.0,0.0200,0.0011351785854828553,0.7672801003868268,0.0008972323831872455,0.0011693802284789062,overall,5,0.7672717233763545
2342.0,0.0200,0.0,0.905642119074955,0.0,0.0,heldout_medium,5,0.9056362083689155
2322.0,0.0200,0.0042201347410399,0.7215954388263037,0.0034453057708871662,0.004776119402985075,ood_extreme_mobility,5,0.7213608957795005
2316.0,0.0200,0.0010669362084456424,0.8476425215056382,0.0008635578583765112,0.0010188487009679063,ood_fast_mobility,5,0.8475820379965457
2454.0,0.0200,0.0032201610724944887,0.8765756370602485,0.0028524857375713123,0.0032543003254300326,ood_link_loss,5,0.8765281173594132
2537.0,0.0200,0.0,0.7985021452719099,0.0,0.0,ood_link_loss_30,5,0.798581001182499
2599.0,0.0200,0.0009195402298850574,0.8918956573291833,0.0007695267410542517,0.0008628127696289905,ood_nodes_10,5,0.8918814928818777
2946.0,0.0200,0.0015148159227117914,0.8798242036648158,0.0013577732518669382,0.0015432098765432098,ood_nodes_16,5,0.879837067209776
3688.0,0.0200,0.0038120337038941897,0.8797797068291787,0.0035249457700650758,0.004006163328197226,ood_nodes_24,5,0.879880694143167
2234.0,0.0200,0.00047619047619047624,0.8903532267934711,0.0004476275738585497,0.0005027652086475615,ood_sparse,5,0.8903312444046553
4565.0,0.0200,0.0,0.5824753559693319,0.0,0.0,predictive_break_225_link_loss,5,0.5824753559693319
6000.0,0.0200,0.0,0.7666666666666667,0.0,0.0,predictive_break_45,5,0.7666666666666667
3355.0,0.0200,0.0,0.6020864381520119,0.0,0.0,structural_hole_225_link_loss,5,0.6020864381520119
4000.0,0.0200,0.0,0.75,0.0,0.0,structural_hole_45,5,0.75
2109.0,0.0200,0.001904761904761905,0.47047143809340797,0.000948316737790422,0.0020161290322580645,unconditional_sparse,5,0.4703651019440493
43467.0,0.0500,0.003027863540533805,0.8324527712882362,0.0025536613983021604,0.0030676542118063233,overall,5,0.8324476039294177
2342.0,0.0500,0.0,0.9530351903486232,0.0,0.0,heldout_medium,5,0.9530315969257045
2322.0,0.0500,0.012377616807564619,0.796929560080098,0.0103359173126615,0.012972972972972972,ood_extreme_mobility,5,0.7967269595176572
2316.0,0.0500,0.0038525536705507324,0.891672924088206,0.0034542314335060447,0.00387409200968523,ood_fast_mobility,5,0.8916234887737479
2454.0,0.0500,0.006201221700984137,0.9173105951933206,0.0057049714751426246,0.006219458018658374,ood_link_loss,5,0.917277913610432
2537.0,0.0500,0.0013750970965507106,0.8347853825563684,0.0011824990145841545,0.00141643059490085,ood_link_loss_30,5,0.8348443042964131
2599.0,0.0500,0.0016610326371282549,0.9380658070253446,0.0015390534821085034,0.0016406890894175555,ood_nodes_10,5,0.9380530973451328
2946.0,0.0500,0.0036000497333264735,0.9310735265699337,0.0033944331296673455,0.0036456434560699965,ood_nodes_16,5,0.9310930074677529
3688.0,0.0500,0.01128691625126867,0.9245469375955249,0.010574837310195227,0.011436950146627566,ood_nodes_24,5,0.9246203904555315
2234.0,0.0500,0.0018820931832347568,0.9391378497406727,0.0017905102954341987,0.0019065776930409914,ood_sparse,5,0.9391226499552372
4565.0,0.0500,0.0,0.6497261774370209,0.0,0.0,predictive_break_225_link_loss,5,0.6497261774370208
6000.0,0.0500,0.0,0.8333333333333334,0.0,0.0,predictive_break_45,5,0.8333333333333334
3355.0,0.0500,0.0,0.7058122205663189,0.0,0.0,structural_hole_225_link_loss,5,0.705812220566319
4000.0,0.0500,0.0,0.9,0.0,0.0,structural_hole_45,5,0.9
2109.0,0.0500,0.004652968036529681,0.4955824460119924,0.002370791844476055,0.004784688995215311,unconditional_sparse,5,0.4954954954954955
43467.0,0.1000,0.030123539507311593,0.8898961889729649,0.02740009662502588,0.030790310488353456,overall,5,0.8898934824119447
2342.0,0.1000,0.0030505860829834913,0.9773668288593662,0.0029888983774551663,0.0030581039755351682,heldout_medium,5,0.9773697694278395
2322.0,0.1000,0.018036377068574343,0.8675080128613754,0.015934539190353144,0.018371400198609732,ood_extreme_mobility,5,0.8673557278208441
2316.0,0.1000,0.007906004864207884,0.9300733636324743,0.007340241796200345,0.007892293407613741,ood_fast_mobility,5,0.9300518134715026
2454.0,0.1000,0.009969092869143157,0.9396964812451234,0.009372453137734311,0.00997398091934085,ood_link_loss,5,0.9396903015484923
2537.0,0.1000,0.0022947488006619904,0.8545343429466653,0.001970831690973591,0.0023062730627306273,ood_link_loss_30,5,0.8545526212061489
2599.0,0.1000,0.003982850125859675,0.9653757225433527,0.003847633705271258,0.0039856516540454365,ood_nodes_10,5,0.9653712966525587
2946.0,0.1000,0.0063112087371176104,0.9633167094314457,0.006109979633401222,0.006342494714587738,ood_nodes_16,5,0.9633401221995926
3688.0,0.1000,0.018765647529468472,0.9514342962622511,0.01789587852494577,0.018808777429467086,ood_nodes_24,5,0.9514642082429501
2234.0,0.1000,0.0027707930367504834,0.9691194911768541,0.0026857654431512983,0.002771362586605081,ood_sparse,5,0.9691136974037601
4565.0,0.1000,0.10438247011952191,0.7535596933187294,0.08608981380065718,0.11424418604651163,predictive_break_225_link_loss,5,0.7535596933187295
6000.0,0.1000,0.1,0.9333333333333333,0.1,0.10714285714285714,predictive_break_45,5,0.9333333333333333
3355.0,0.1000,0.0,0.7749627421758569,0.0,0.0,structural_hole_225_link_loss,5,0.7749627421758569
4000.0,0.1000,0.0,1.0,0.0,0.0,structural_hole_45,5,1.0
2109.0,0.1000,0.008157248157248156,0.5163729318724267,0.004267425320056899,0.008264462809917356,unconditional_sparse,5,0.5163584637268848
43467.0,0.2000,0.03948798059124984,0.9307783718944356,0.03713161708882601,0.039894208665991054,overall,5,0.9307520647847792
2342.0,0.2000,0.005183743096456569,0.9888989120332404,0.005123825789923143,0.0051813471502590676,heldout_medium,5,0.9888983774551665
2322.0,0.2000,0.025243017977345295,0.9496696204338482,0.024117140396210164,0.025396825396825397,ood_extreme_mobility,5,0.9496124031007752
2316.0,0.2000,0.012097649635657518,0.9655207777049112,0.011658031088082901,0.012075134168157423,ood_fast_mobility,5,0.9654576856649395
2454.0,0.2000,0.011109892254530272,0.9547752493277872,0.010594947025264874,0.011096884336320957,ood_link_loss,5,0.9547677261613692
2537.0,0.2000,0.004407272698650799,0.8924220243922705,0.003941663381947182,0.00441696113074205,ood_link_loss_30,5,0.892392589672842
2599.0,0.2000,0.0062638707079014765,0.9830739587965022,0.0061562139284340135,0.0062622309197651665,ood_nodes_10,5,0.9830704116968064
2946.0,0.2000,0.01002265955753249,0.9796163217134322,0.009843856076035303,0.010048510048510048,ood_nodes_16,5,0.9796334012219959
3688.0,0.2000,0.025598353268699015,0.9734030297894508,0.024945770065075923,0.02562674094707521,ood_nodes_24,5,0.9734273318872018
2234.0,0.2000,0.003643816363995969,0.9820988954765703,0.0035810205908683975,0.0036463081130355514,ood_sparse,5,0.982094897045658
4565.0,0.2000,0.1296643720816538,0.8365826944140198,0.11478641840087624,0.13720869337522912,predictive_break_225_link_loss,5,0.8365826944140197
6000.0,0.2000,0.13333333333333333,0.9666666666666666,0.13333333333333333,0.13793103448275862,predictive_break_45,5,0.9666666666666667
3355.0,0.2000,0.0,0.8548435171385991,0.0,0.0,structural_hole_225_link_loss,5,0.8548435171385991
4000.0,0.2000,0.0,1.0,0.0,0.0,structural_hole_45,5,1.0
2109.0,0.2000,0.010535301143417542,0.6549394039108004,0.006638217164532954,0.010137581462708182,unconditional_sparse,5,0.6548127074442864
43467.0,0.3000,0.04152681106159113,0.9558806015759871,0.040260427450709735,0.042119957639356886,overall,5,0.9558515655554789
2342.0,0.3000,0.005583305022332279,0.9935952107593898,0.005550811272416738,0.00558659217877095,heldout_medium,5,0.9935952177625961
2322.0,0.3000,0.030733158146927963,0.9823775227292757,0.030146425495262703,0.030688294607628234,ood_extreme_mobility,5,0.9823428079242033
2316.0,0.3000,0.01665696964276659,0.984919805279743,0.016407599309153715,0.016659359929855327,ood_fast_mobility,5,0.9848877374784111
2454.0,0.3000,0.014213304880691077,0.97395227923766,0.013854930725346373,0.014225941422594143,ood_link_loss,5,0.973920130399348
2537.0,0.3000,0.010600813776342971,0.9391145741793114,0.010248324793062672,0.010910616869492237,ood_link_loss_30,5,0.9392983839180133
2599.0,0.3000,0.009312050732584802,0.9907692307692308,0.00923432089265102,0.009320388349514564,ood_nodes_10,5,0.990765679107349
2946.0,0.3000,0.013048834691884064,0.9881151856382479,0.012898845892735914,0.01305393335623497,ood_nodes_16,5,0.9881194840461643
3688.0,0.3000,0.030229497799280896,0.9856130920599204,0.02982646420824295,0.030261348005502064,ood_nodes_24,5,0.9856290672451193
2234.0,0.3000,0.00496529742426568,0.9928411633109621,0.004923903312444047,0.004959422903516681,ood_sparse,5,0.9928379588182632
4565.0,0.3000,0.1236188609885871,0.8852135815991238,0.11631982475355969,0.13140311804008908,predictive_break_225_link_loss,5,0.8852135815991238
6000.0,0.3000,0.13333333333333333,0.9666666666666666,0.13333333333333333,0.13793103448275862,predictive_break_45,5,0.9666666666666667
3355.0,0.3000,0.0,0.9049180327868852,0.0,0.0,structural_hole_225_link_loss,5,0.9049180327868852
4000.0,0.3000,0.0,1.0,0.0,0.0,structural_hole_45,5,1.0
2109.0,0.3000,0.02895326561984486,0.792522448904524,0.026078710289236605,0.03293413173652695,unconditional_sparse,5,0.7918444760550024
43467.0,0.5000,0.04826419350915181,1.0,0.04826650102376515,0.04826650102376515,overall,5,1.0
2342.0,0.5000,0.006404789240610137,1.0,0.0064047822374039285,0.0064047822374039285,heldout_medium,5,1.0
2322.0,0.5000,0.030972843975342407,1.0,0.031007751937984496,0.031007751937984496,ood_extreme_mobility,5,1.0
2316.0,0.5000,0.017243783031356413,1.0,0.017271157167530225,0.017271157167530225,ood_fast_mobility,5,1.0
2454.0,0.5000,0.01426329311715745,1.0,0.01426242868785656,0.01426242868785656,ood_link_loss,5,1.0
2537.0,0.5000,0.010217927967006971,1.0,0.010248324793062672,0.010248324793062672,ood_link_loss_30,5,1.0
2599.0,0.5000,0.00961686675559508,1.0,0.009619084263178146,0.009619084263178146,ood_nodes_10,5,1.0
2946.0,0.5000,0.013914027971437528,1.0,0.013917175831636116,0.013917175831636116,ood_nodes_16,5,1.0
3688.0,0.5000,0.031167851095170025,1.0,0.031182212581344904,0.031182212581344904,ood_nodes_24,5,1.0
2234.0,0.5000,0.004921700223713647,1.0,0.004923903312444047,0.004923903312444047,ood_sparse,5,1.0
4565.0,0.5000,0.14501642935377873,1.0,0.14501642935377876,0.14501642935377876,predictive_break_225_link_loss,5,1.0
6000.0,0.5000,0.16666666666666666,1.0,0.16666666666666666,0.16666666666666666,predictive_break_45,5,1.0
3355.0,0.5000,0.0,1.0,0.0,0.0,structural_hole_225_link_loss,5,1.0
4000.0,0.5000,0.0,1.0,0.0,0.0,structural_hole_45,5,1.0
2109.0,0.5000,0.026629538194870073,1.0,0.026552868658131817,0.026552868658131817,unconditional_sparse,5,1.0
43467.0,1.0000,0.04826419350915181,1.0,0.04826650102376515,0.04826650102376515,overall,5,1.0
2342.0,1.0000,0.006404789240610137,1.0,0.0064047822374039285,0.0064047822374039285,heldout_medium,5,1.0
2322.0,1.0000,0.030972843975342407,1.0,0.031007751937984496,0.031007751937984496,ood_extreme_mobility,5,1.0
2316.0,1.0000,0.017243783031356413,1.0,0.017271157167530225,0.017271157167530225,ood_fast_mobility,5,1.0
2454.0,1.0000,0.01426329311715745,1.0,0.01426242868785656,0.01426242868785656,ood_link_loss,5,1.0
2537.0,1.0000,0.010217927967006971,1.0,0.010248324793062672,0.010248324793062672,ood_link_loss_30,5,1.0
2599.0,1.0000,0.00961686675559508,1.0,0.009619084263178146,0.009619084263178146,ood_nodes_10,5,1.0
2946.0,1.0000,0.013914027971437528,1.0,0.013917175831636116,0.013917175831636116,ood_nodes_16,5,1.0
3688.0,1.0000,0.031167851095170025,1.0,0.031182212581344904,0.031182212581344904,ood_nodes_24,5,1.0
2234.0,1.0000,0.004921700223713647,1.0,0.004923903312444047,0.004923903312444047,ood_sparse,5,1.0
4565.0,1.0000,0.14501642935377873,1.0,0.14501642935377876,0.14501642935377876,predictive_break_225_link_loss,5,1.0
6000.0,1.0000,0.16666666666666666,1.0,0.16666666666666666,0.16666666666666666,predictive_break_45,5,1.0
3355.0,1.0000,0.0,1.0,0.0,0.0,structural_hole_225_link_loss,5,1.0
4000.0,1.0000,0.0,1.0,0.0,0.0,structural_hole_45,5,1.0
2109.0,1.0000,0.026629538194870073,1.0,0.026552868658131817,0.026552868658131817,unconditional_sparse,5,1.0
