agent_drop_rate,backup_availability_rate,branch_disagreement_rate,connected_episodes,connected_pair_pdr,deadline_delivery_ratio,decision_latency_p50_ms,decision_latency_p95_ms,decision_latency_p99_ms,delivered,delivery_energy_efficiency_proxy,delivery_transmission_efficiency_proxy,endpoint_availability,energy_per_delivered_packet,energy_per_generated_packet,energy_per_on_time_delivery,episodes,false_switch_rate,fast_failover_miss_rate,fast_failover_success_rate,freshness_cache_capacity_eviction_rate,freshness_cache_hit_rate,freshness_cache_stale_eviction_rate,freshness_cache_state_eviction_rate,invalid_action_drop_rate,late_delivery_ratio_all,late_delivery_ratio_delivered,latency_aware_deadline_delivery_ratio,loop_drop_rate,mean_control_bytes,mean_control_messages,mean_deadline_slack_steps,mean_decision_latency_total_ms,mean_effective_end_to_end_delay_ms,mean_environment_step_time_total_ms,mean_episode_reward,mean_expected_transmissions_proxy,mean_local_observation_bytes,mean_minimum_link_lifetime_steps,mean_minimum_link_margin,mean_path_stretch,mean_per_hop_delay,mean_policy_input_bytes,mean_queue_delay_proxy,mean_safe_forward_candidates,mean_selected_danger,mean_success_delay,mean_switch_danger_reduction,mean_switch_steps,mean_transmission_energy_proxy,method,missed_risk_rate,overall_pdr,p95_success_delay,scenario,switch_activation_rate,time_limit_drop_rate,total_drop_rate,training_seed,ttl_drop_rate
0.165,0.0,0.0,200,0.835,0.78,1.8950662500000002,2.0023975575,2.5153941506999957,167,0.539366358185153,0.27879799666110183,1.0,1.8540273875530096,1.548112868606763,1.9847600879573883,200,0.0,0.0,0.0,0.0,0.0,0.0,0.0,0.0,0.055,0.0658682634730539,0.0,0.0,0.0,0.0,1.4610778443113772,7.43928217,0.0,2.73037247,8.098267396062614,2.995,6323.16,9.583058301841472,0.13913023091852664,1.3567864271457084,1.0,3896.28,4.3175,0.0,0.0,3.07185628742515,0.0,0.0,1.548112868606763,Historical Untrained Local,0.0,0.835,5.0,heldout_medium,0.0,0.0,0.165,314,0.0
0.12,0.0,0.0,200,0.88,0.88,1.79232025,1.8479597575,2.184671130299999,176,0.616026638070747,0.352,1.0,1.6233064257282264,1.4285096546408391,1.6233064257282264,200,0.0,0.0,0.0,0.0,0.0,0.0,0.0,0.0,0.0,0.0,0.0,0.0,0.0,0.0,1.9829545454545454,4.720194015,0.0,2.227549135,8.8871469938308,2.5,5242.62,9.689124064246501,0.12477384142577648,1.1089015151515151,1.0,3230.46,3.87875,0.0,0.0,2.534090909090909,0.0,0.0,1.4285096546408391,Historical PPO-only Local (No KD),0.0,0.88,4.0,heldout_medium,0.0,0.0,0.12,314,0.0
0.025,0.0,0.0,200,0.975,0.975,1.793471,1.8459856075,2.1792168738999997,195,0.7484552921742522,0.4157782515991471,1.0,1.3360851482458143,1.302683019539669,1.3360851482458143,200,0.0,0.0,0.0,0.0,0.0,0.0,0.0,0.0,0.0,0.0,0.0,0.0,0.0,0.0,2.2205128205128206,4.269945044999999,0.0,2.02436019,10.484632177025079,2.345,4742.37,9.601870443573473,0.12942939803004264,1.0175213675213677,1.0,2922.21,3.504375,0.0,0.0,2.353846153846154,0.0,0.0,1.302683019539669,Historical KD-only Local,0.0,0.975,4.0,heldout_medium,0.0,0.0,0.025,314,0.0
0.03,0.0,0.0,200,0.97,0.97,1.791299,1.8426675824999998,2.0716583704,194,0.745671657348651,0.4136460554371002,1.0,1.341072830306642,1.3008406453974428,1.341072830306642,200,0.0,0.0,0.0,0.0,0.0,0.0,0.0,0.0,0.0,0.0,0.0,0.0,0.0,0.0,2.216494845360825,4.267789885,0.0,2.028835515,10.404783734470607,2.345,4752.375,9.59147501004973,0.13144184842705728,1.0197594501718212,1.0,2928.375,3.4875,0.0,0.0,2.3608247422680413,0.0,0.0,1.3008406453974428,Historical KD+PPO Local,0.0,0.97,4.0,heldout_medium,0.0,0.0,0.03,314,0.0
0.025,0.0,0.0,200,0.975,0.975,2.83308225,3.282508635,3.892386527999995,195,0.7506622814347222,0.41935483870967744,1.0,1.3321569828828015,1.2988530583107314,1.3321569828828015,200,0.0,0.0,0.0,0.0,0.0,0.0,0.0,0.0,0.0,0.0,0.0,0.0,0.0,0.0,2.2564102564102564,6.7420086900000005,0.0,2.03131168,10.479104327350855,2.325,4702.35,9.578749585205076,0.13457791909575462,0.9987179487179487,1.0,24536.35,3.458125,0.0,0.0,2.312820512820513,0.0,0.0,1.2988530583107314,Privileged Global Teacher,0.0,0.975,3.299999999999983,heldout_medium,0.0,0.0,0.025,314,0.0
0.015,0.0,0.0,200,0.985,0.985,2.50503725,2.5975924975,2.8861696822,197,0.7604692014725658,0.4227467811158798,1.0,1.3149776454636282,1.2952529807816737,1.3149776454636282,200,0.0,0.0,0.0,0.0,0.0,0.0,0.0,0.0,0.0,0.0,0.0,0.0,0.0,0.0,2.2588832487309647,6.1405506249999995,0.0,2.017755095,10.646839376777411,2.33,4692.345,9.83599908848178,0.13587851211428642,1.0016920473773265,1.0,3491.705,3.455,0.0,0.0,2.3248730964467006,0.0,0.0,1.2952529807816737,Geo-Residual Student,0.0,0.985,4.0,heldout_medium,0.0,0.0,0.015,314,0.0
0.015,0.0,0.0,200,0.985,0.985,1.3985297500000002,1.4470550349999998,1.5976797776999982,197,0.7674585046084398,0.4236559139784946,1.0,1.3030020437524552,1.2834570130961682,1.3030020437524552,200,0.0,0.0,0.0,0.0,0.0,0.0,0.0,0.0,0.0,0.0,0.0,0.0,0.0,0.0,2.263959390862944,3.3314128600000004,0.0,2.001824235,10.647554178684949,2.325,4682.34,9.949398409804605,0.1388517688214779,0.9991539763113366,1.0,4083.3,3.456875,0.0,0.0,2.3197969543147208,0.0,0.0,1.2834570130961682,Predictive Prior Only,0.0,0.985,4.0,heldout_medium,0.0,0.0,0.015,314,0.0
0.015,0.0,0.0,200,0.985,0.985,2.758034,2.81808404,3.1301867779999997,197,0.7674585046084398,0.4236559139784946,1.0,1.3030020437524552,1.2834570130961682,1.3030020437524552,200,0.0,0.0,0.0,0.0,0.0,0.0,0.0,0.0,0.0,0.0,0.0,0.0,0.0,0.0,2.263959390862944,6.47157653,0.0,2.013062475,10.647554178684949,2.325,4682.34,9.949398409804605,0.1388517688214779,0.9991539763113366,1.0,4083.3,3.456875,0.0,0.0,2.3197969543147208,0.0,0.0,1.2834570130961682,Predictive Student (No Switch),0.0,0.985,4.0,heldout_medium,0.0,0.0,0.015,314,0.0
0.015,0.0,0.014957264957264958,200,0.985,0.985,5.888338,6.550978357499999,8.0349244416,197,0.7654934717641525,0.4236559139784946,1.0,1.3063468688967457,1.2867516658632945,1.3063468688967457,200,0.0,0.0,0.0,0.0,0.0,0.0,0.0,0.0,0.0,0.0,0.0,0.0,0.0,0.0,2.263959390862944,14.09213106,0.0,2.029066315,10.647427053183316,2.325,4682.34,9.938388875324957,0.13820935949683189,0.9991539763113366,1.0,3608.26,3.4575,1.85,0.012254664875566958,2.3197969543147208,0.02765477384839739,0.175,1.2867516658632945,SwitchGLOBE Exact,0.00641025641025641,0.985,4.0,heldout_medium,0.07478632478632478,0.0,0.015,314,0.0
0.04,0.0,0.0,200,0.96,0.96,2.09344425,2.1967443225000003,2.4391925766999996,192,0.7017338462867913,0.3983402489626556,1.0,1.4250417096046846,1.3680400412204972,1.4250417096046846,200,0.0,0.0,0.0,0.0,0.0,0.0,0.0,0.0,0.0,0.0,0.0,0.0,0.0,0.0,2.1979166666666665,5.1570005850000005,0.0,2.12925686,10.220489000588657,2.41,4902.45,9.612940509647437,0.13225550040602685,1.029079861111111,1.0,4902.45,3.58,0.0,0.0,2.3802083333333335,0.0,0.165,1.3680400412204972,FastSwitchGLOBE,0.0,0.96,4.0,heldout_medium,0.0673469387755102,0.0,0.04,314,0.0
0.27,0.0,0.0,200,0.73,0.68,1.90983475,1.9938229724999996,2.1955803271999996,146,0.4984587728076829,0.21141396933560477,1.0,2.0061839705764863,1.464514298520835,2.153697497824757,200,0.0,0.0,0.0,0.0,0.0,0.0,0.0,0.0,0.05,0.0684931506849315,0.0,0.0,0.0,0.0,1.5,6.147339764999999,0.0,2.620210105,6.312758141219616,3.452941176470588,6413.205,10.079441024734543,0.15394388943910597,1.3430365296803655,1.0,3951.765,4.296875,0.0,0.0,3.041095890410959,0.0,0.0,1.464514298520835,Historical Untrained Local,0.0,0.73,5.0,ood_link_loss,0.0,0.0,0.27,314,0.0
0.195,0.0,0.0,200,0.805,0.8,1.7806250000000001,1.8300469375,2.0211434256999987,161,0.6011957367507126,0.2887130801687764,1.0,1.663351781908348,1.3389981844362202,1.6737477305452753,200,0.0,0.0,0.0,0.0,0.0,0.0,0.0,0.0,0.005,0.006211180124223602,0.0,0.0,0.0,0.0,2.0434782608695654,4.579621255,0.0,2.0091448450000002,7.6223460526764395,2.788235294117647,5132.565,10.232804947648814,0.14620179250836374,1.0924430641821945,1.0,3162.645,3.730625,0.0,0.0,2.472049689440994,0.0,0.0,1.3389981844362202,Historical PPO-only Local (No KD),0.0,0.805,4.0,ood_link_loss,0.0,0.0,0.195,314,0.0
0.095,0.0,0.0,200,0.905,0.9,1.77306175,1.8435575149999996,2.0613942889,181,0.7305377933255557,0.31985446985446986,1.0,1.3688545741730866,1.2388133896266433,1.3764593218073815,200,0.0,0.0,0.0,0.0,0.0,0.0,0.0,0.0,0.005,0.0055248618784530384,0.0,0.0,0.0,0.0,2.143646408839779,4.45258596,0.0,1.994341125,9.262661645174026,2.8294117647058816,5002.5,10.253932889597454,0.16367911979556082,1.0576427255985268,1.0,3082.5,3.68,0.0,0.0,2.414364640883978,0.0,0.0,1.2388133896266433,Historical KD-only Local,0.0,0.905,4.0,ood_link_loss,0.0,0.0,0.095,314,0.0
0.09,0.0,0.0,200,0.91,0.905,1.77219475,1.83235875,2.0073250069,182,0.7318534449923424,0.32229166666666664,1.0,1.3663937866828832,1.2434183458814239,1.3739429236258827,200,0.0,0.0,0.0,0.0,0.0,0.0,0.0,0.0,0.005,0.005494505494505495,0.0,0.0,0.0,0.0,2.142857142857143,4.427062585,0.0,1.990296775,9.346279699444771,2.8235294117647056,4982.49,10.298316812190318,0.1603286875784397,1.0564102564102564,1.0,3070.17,3.656875,0.0,0.0,2.412087912087912,0.0,0.0,1.2434183458814236,Historical KD+PPO Local,0.0,0.91,4.0,ood_link_loss,0.0,0.0,0.09,314,0.0
0.1,0.0,0.0,200,0.9,0.9,2.80931775,2.89402903,3.2407453312,180,0.7187942892154672,0.3290322580645161,1.0,1.391218621243439,1.2520967591190952,1.391218621243439,200,0.0,0.0,0.0,0.0,0.0,0.0,0.0,0.0,0.0,0.0,0.0,0.0,0.0,0.0,2.1944444444444446,6.843731415,0.0,1.9352107649999999,9.191055270940065,2.7352941176470584,4852.425,10.305068047261893,0.1523200637102127,1.031111111111111,1.0,25319.425,3.544375,0.0,0.0,2.3555555555555556,0.0,0.0,1.252096759119095,Privileged Global Teacher,0.0,0.9,4.0,ood_link_loss,0.0,0.0,0.1,314,0.0
0.085,0.0,0.0,200,0.915,0.915,2.4766265,2.6014275075,2.8463651772,183,0.7508412291071562,0.3295550847457627,1.0,1.3318394904727389,1.2186331337825562,1.3318394904727389,200,0.0,0.0,0.0,0.0,0.0,0.0,0.0,0.0,0.0,0.0,0.0,0.0,0.0,0.0,2.185792349726776,6.086962874999999,0.0,1.955335255,9.430855717480183,2.776470588235294,4892.445,10.369366440845617,0.16619861766695976,1.036247723132969,1.0,3640.605,3.611875,0.0,0.0,2.3825136612021858,0.0,0.0,1.218633133782556,Geo-Residual Student,0.0,0.915,4.0,ood_link_loss,0.0,0.0,0.085,314,0.0
0.09,0.0,0.0,200,0.91,0.91,1.39629725,1.4683633324999998,1.5788831028999997,182,0.7541762333334403,0.327061310782241,1.0,1.325950031042512,1.206614528248686,1.325950031042512,200,0.0,0.0,0.0,0.0,0.0,0.0,0.0,0.0,0.0,0.0,0.0,0.0,0.0,0.0,2.17032967032967,3.4450483599999995,0.0,1.957694535,9.353061248242854,2.78235294117647,4912.455,10.50185177020399,0.16951068982481957,1.0396520146520147,1.0,4283.975,3.604375,0.0,0.0,2.3846153846153846,0.0,0.0,1.206614528248686,Predictive Prior Only,0.0,0.91,4.0,ood_link_loss,0.0,0.0,0.09,314,0.0
0.09,0.0,0.0,200,0.91,0.91,2.7389425,2.81776472,3.1512656032999997,182,0.7541762333334403,0.327061310782241,1.0,1.325950031042512,1.206614528248686,1.325950031042512,200,0.0,0.0,0.0,0.0,0.0,0.0,0.0,0.0,0.0,0.0,0.0,0.0,0.0,0.0,2.17032967032967,6.75249996,0.0,1.96890051,9.353061248242854,2.78235294117647,4912.455,10.50185177020399,0.16951068982481957,1.0396520146520147,1.0,4283.975,3.604375,0.0,0.0,2.3846153846153846,0.0,0.0,1.206614528248686,Predictive Student (No Switch),0.0,0.91,4.0,ood_link_loss,0.0,0.0,0.09,314,0.0
0.09,0.0,0.020366598778004074,200,0.91,0.91,5.85795175,6.0010375075,6.7755684492,182,0.7520664198221607,0.327061310782241,1.0,1.3296697919798992,1.2099995107017083,1.3296697919798992,200,0.0,0.0,0.0,0.0,0.0,0.0,0.0,0.0,0.0,0.0,0.0,0.0,0.0,0.0,2.17032967032967,14.434412364999998,0.0,1.9963255999999998,9.35299962157011,2.78235294117647,4912.455,10.50185177020399,0.16964349284768104,1.0396520146520147,1.0,3807.415,3.608125,1.915,0.024292107480267684,2.3846153846153846,0.021380795732788418,0.23,1.2099995107017083,SwitchGLOBE Exact,0.03665987780040733,0.91,4.0,ood_link_loss,0.09368635437881874,0.0,0.09,314,0.0
0.115,0.0,0.0,200,0.885,0.885,2.09332975,2.193824975,2.720188033899999,177,0.6790923363014839,0.3140918580375783,1.0,1.4725537994527576,1.3032101125156905,1.4725537994527576,200,0.0,0.0,0.0,0.0,0.0,0.0,0.0,0.0,0.0,0.0,0.0,0.0,0.0,0.0,2.152542372881356,5.31373432,0.0,2.05983135,8.934935972362757,2.817647058823529,5022.51,10.149879552673026,0.14461218297481537,1.0487758945386063,1.0,5022.51,3.649375,0.0,0.0,2.3954802259887007,0.0,0.12,1.3032101125156907,FastSwitchGLOBE,0.0,0.885,4.0,ood_link_loss,0.04780876494023904,0.0,0.115,314,0.0
0.165,0.0,0.0,200,0.835,0.765,1.93582375,2.200724315,2.4936291989000003,167,0.5296995769021721,0.2655007949125596,1.0,1.887862561356521,1.5763652387326952,2.0606081552061375,200,0.0,0.0,0.0,0.0,0.0,0.0,0.0,0.0,0.07,0.08383233532934131,0.0,0.0,0.0,0.0,1.4191616766467066,6.466136529999999,0.0,3.0917859699999997,7.977272967249155,3.145,6623.31,4.704444189810561,0.13803471967577935,1.4113202167094383,1.0,4081.23,4.546875,0.0,0.0,3.197604790419162,0.0,0.0,1.5763652387326947,Historical Untrained Local,0.0,0.835,6.0,ood_fast_mobility,0.0,0.0,0.165,314,0.0
0.08,0.0,0.0,200,0.92,0.885,1.79390475,2.2240216324999995,2.3586957469999996,184,0.6368717140798636,0.3531669865642994,1.0,1.5701749314534639,1.4445609369371868,1.6322722451267648,200,0.0,0.0,0.0,0.0,0.0,0.0,0.0,0.0,0.035,0.03804347826086957,0.0,0.0,0.0,0.0,1.983695652173913,4.89207272,0.0,2.432420485,9.448015499174595,2.605,5372.685,5.29579068212993,0.13132919877767563,1.1450569358178055,1.0,3310.605,4.0825,0.0,0.0,2.608695652173913,0.0,0.0,1.4445609369371868,Historical PPO-only Local (No KD),0.0,0.92,5.0,ood_fast_mobility,0.0,0.0,0.08,314,0.0
0.03,0.0,0.0,200,0.97,0.965,1.7954465,2.2902616874999997,2.3486455991999997,194,0.8109211373944847,0.4190064794816415,1.0,1.233165537172988,1.1961705710577981,1.2395549959148169,200,0.0,0.0,0.0,0.0,0.0,0.0,0.0,0.0,0.005,0.005154639175257732,0.0,0.0,0.0,0.0,2.2783505154639174,4.277253920000001,0.0,2.097117085,10.340426196336745,2.315,4692.345,5.608834496876209,0.16218589276075362,1.006566028473245,1.0,2891.385,3.515,0.0,0.0,2.304123711340206,0.0,0.0,1.1961705710577981,Historical KD-only Local,0.0,0.97,3.0,ood_fast_mobility,0.0,0.0,0.03,314,0.0
0.03,0.0,0.0,200,0.97,0.965,1.79128325,1.8337510625,2.0181991706000004,194,0.8111238215747445,0.4172043010752688,1.0,1.2328573929175999,1.1958716711300719,1.2392452550570694,200,0.0,0.0,0.0,0.0,0.0,0.0,0.0,0.0,0.005,0.005154639175257732,0.0,0.0,0.0,0.0,2.268041237113402,4.228485115,0.0,2.07161655,10.339255480408669,2.325,4712.355,5.617175274024819,0.1622115570306778,1.0117206676485027,1.0,2903.715,3.54375,0.0,0.0,2.314432989690722,0.0,0.0,1.1958716711300719,Historical KD+PPO Local,0.0,0.97,3.0,ood_fast_mobility,0.0,0.0,0.03,314,0.0
0.025,0.0,0.0,200,0.975,0.975,2.840249,2.9212585300000002,3.244369327,195,0.8115704935833065,0.42857142857142855,1.0,1.232178853108281,1.2013743817805738,1.232178853108281,200,0.0,0.0,0.0,0.0,0.0,0.0,0.0,0.0,0.0,0.0,0.0,0.0,0.0,0.0,2.317948717948718,6.552975395,0.0,2.03764955,10.420521432459354,2.275,4602.3,5.613355853257174,0.16350485026836395,0.9907203907203908,1.0,24014.3,3.455625,0.0,0.0,2.2717948717948717,0.0,0.0,1.2013743817805738,Privileged Global Teacher,0.0,0.975,3.0,ood_fast_mobility,0.0,0.0,0.025,314,0.0
0.03,0.0,0.0,200,0.97,0.97,2.49838525,2.7598314749999995,3.2553467513999994,194,0.8182187898581614,0.4282560706401766,1.0,1.2221669954234984,1.1855019855607936,1.2221669954234984,200,0.0,0.0,0.0,0.0,0.0,0.0,0.0,0.0,0.0,0.0,0.0,0.0,0.0,0.0,2.329896907216495,5.78007783,0.0,2.026259935,10.345189506590367,2.265,4592.295,5.599095732465566,0.15876057535409926,0.9846588119783996,1.0,3417.255,3.464375,0.0,0.0,2.252577319587629,0.0,0.0,1.1855019855607936,Geo-Residual Student,0.0,0.97,3.0,ood_fast_mobility,0.0,0.0,0.03,314,0.0
0.035,0.0,0.0,200,0.965,0.965,1.3950095,1.4677653474999999,1.8651657415999998,193,0.8342029845147444,0.42139737991266374,1.0,1.1987490078109702,1.1567927925375863,1.1987490078109702,200,0.0,0.0,0.0,0.0,0.0,0.0,0.0,0.0,0.0,0.0,0.0,0.0,0.0,0.0,2.305699481865285,3.27888366,0.0,2.042685825,10.261405013501644,2.29,4652.325,5.776863158705925,0.16879133999347687,0.9940784603997038,1.0,4057.125,3.489375,0.0,0.0,2.2694300518134716,0.0,0.0,1.156792792537586,Predictive Prior Only,0.0,0.965,3.0,ood_fast_mobility,0.0,0.0,0.035,314,0.0
0.035,0.0,0.0,200,0.965,0.965,2.7613125,2.8513811724999996,3.1024655813999997,193,0.8342029845147444,0.42139737991266374,1.0,1.1987490078109702,1.1567927925375863,1.1987490078109702,200,0.0,0.0,0.0,0.0,0.0,0.0,0.0,0.0,0.0,0.0,0.0,0.0,0.0,0.0,2.305699481865285,6.442532569999998,0.0,2.05051875,10.261405013501644,2.29,4652.325,5.776863158705925,0.16879133999347687,0.9940784603997038,1.0,4057.125,3.489375,0.0,0.0,2.2694300518134716,0.0,0.0,1.156792792537586,Predictive Student (No Switch),0.0,0.965,3.0,ood_fast_mobility,0.0,0.0,0.035,314,0.0
0.035,0.0,0.047516198704103674,200,0.965,0.965,5.89823475,6.421837204999995,8.0735783069,193,0.8248703235954512,0.4232456140350877,1.0,1.21231176755298,1.1698808556886255,1.21231176755298,200,0.0,0.0,0.0,0.0,0.0,0.0,0.0,0.0,0.0,0.0,0.0,0.0,0.0,0.0,2.316062176165803,13.836011074999998,0.0,2.0669395600000002,10.263808999955653,2.28,4632.315,5.741029410767847,0.16567053496837617,0.9897606711078213,1.0,3716.635,3.48625,1.58,0.0314617055884252,2.2590673575129534,0.01731589801133947,0.47,1.1698808556886255,SwitchGLOBE Exact,0.01511879049676026,0.965,3.0,ood_fast_mobility,0.20302375809935205,0.0,0.035,314,0.0
0.045,0.0,0.0,200,0.955,0.945,2.0848667499999998,2.12835181,2.4221241425,191,0.7260867300431657,0.3921971252566735,1.0,1.377245938567904,1.3152698713323483,1.3918199696638607,200,0.0,0.0,0.0,0.0,0.0,0.0,0.0,0.0,0.01,0.010471204188481676,0.0,0.0,0.0,0.0,2.1780104712041886,5.18644066,0.0,2.242446895,10.068764657914638,2.435,4962.48,5.724939072723884,0.14762584894895553,1.0520443779606083,1.0,4962.48,3.695,0.0,0.0,2.413612565445026,0.0,0.27,1.3152698713323483,FastSwitchGLOBE,0.0,0.955,4.0,ood_fast_mobility,0.10887096774193548,0.0,0.045,314,0.0
0.12,0.0,0.0,200,0.88,0.87,1.9084210000000001,1.9434396875,1.9944861808999976,176,0.6823189650191168,0.36065573770491804,1.0,1.4655902169918178,1.2897193909527997,1.4824360815549422,200,0.0,0.0,0.0,0.0,0.0,0.0,0.0,0.0,0.01,0.011363636363636364,0.0,0.0,0.0,0.0,1.8238636363636365,4.886807835,0.0,1.7877005,8.628840804129839,2.44,5122.56,9.239635492461106,0.16101927280426026,1.1557765151515154,1.0,3156.48,3.591875,0.0,0.0,2.5170454545454546,0.0,0.0,1.2897193909527997,Historical Untrained Local,0.0,0.88,4.0,ood_sparse,0.0,0.0,0.12,314,0.0
0.11,0.0,0.0,200,0.89,0.89,1.79101725,1.8488906025,2.0534188902,178,0.7382323292047172,0.41203703703703703,1.0,1.3545871136221843,1.205582531123744,1.3545871136221843,200,0.0,0.0,0.0,0.0,0.0,0.0,0.0,0.0,0.0,0.0,0.0,0.0,0.0,0.0,2.0730337078651684,4.080354310000001,0.0,1.544294305,8.809260364949703,2.16,4542.27,9.111819139224693,0.14957954426606496,1.0327715355805245,1.0,2798.91,3.36875,0.0,0.0,2.2191011235955056,0.0,0.0,1.205582531123744,Historical PPO-only Local (No KD),0.0,0.89,3.0,ood_sparse,0.0,0.0,0.11,314,0.0
0.035,0.0,0.0,200,0.965,0.965,1.79023575,1.8375232525,2.0617051595,193,0.8011586362249625,0.43080357142857145,1.0,1.2481922490556583,1.2045055203387103,1.2481922490556583,200,0.0,0.0,0.0,0.0,0.0,0.0,0.0,0.0,0.0,0.0,0.0,0.0,0.0,0.0,2.139896373056995,4.0871898149999994,0.0,1.5664964849999998,10.027353387117385,2.24,4552.275,9.23310650338835,0.15545746207237243,1.0189982728842832,1.0,2805.075,3.3825,0.0,0.0,2.2538860103626943,0.0,0.0,1.2045055203387103,Historical KD-only Local,0.0,0.965,3.3999999999999773,ood_sparse,0.0,0.0,0.035,314,0.0
0.03,0.0,0.0,200,0.97,0.97,1.7996195,1.8669985224999999,2.0721442068999996,194,0.8080624189685325,0.4349775784753363,1.0,1.2375281618423366,1.2004023169870666,1.2375281618423366,200,0.0,0.0,0.0,0.0,0.0,0.0,0.0,0.0,0.0,0.0,0.0,0.0,0.0,0.0,2.154639175257732,4.08652544,0.0,1.562953295,10.11341728836298,2.23,4522.26,9.125064670209646,0.1518200453122457,1.0107388316151202,1.0,2786.58,3.35375,0.0,0.0,2.2371134020618557,0.0,0.0,1.2004023169870666,Historical KD+PPO Local,0.0,0.97,3.0,ood_sparse,0.0,0.0,0.03,314,0.0
0.02,0.0,0.0,200,0.98,0.98,2.839574,2.9302456799999996,3.4217964239,196,0.8122798577684174,0.44243792325056436,1.0,1.2311027910347396,1.2064807352140448,1.2311027910347396,200,0.0,0.0,0.0,0.0,0.0,0.0,0.0,0.0,0.0,0.0,0.0,0.0,0.0,0.0,2.183673469387755,6.3811154299999995,0.0,1.559966465,10.27399200028181,2.215,4472.235,9.131596424338298,0.15436222235361735,1.0017006802721087,1.0,23335.635,3.339375,0.0,0.0,2.2142857142857144,0.0,0.0,1.2064807352140448,Privileged Global Teacher,0.0,0.98,3.0,ood_sparse,0.0,0.0,0.02,314,0.0
0.02,0.0,0.0,200,0.98,0.98,2.49646325,2.536198545,2.600153149799996,196,0.8188464896788799,0.4434389140271493,1.0,1.2212301238442893,1.1968055213674034,1.2212301238442893,200,0.0,0.0,0.0,0.0,0.0,0.0,0.0,0.0,0.0,0.0,0.0,0.0,0.0,0.0,2.188775510204082,5.57891665,0.0,1.538115245,10.274752495259044,2.21,4462.23,9.220210693481226,0.15300503154595693,0.9991496598639454,1.0,3320.47,3.32625,0.0,0.0,2.2091836734693877,0.0,0.0,1.1968055213674034,Geo-Residual Student,0.0,0.98,3.0,ood_sparse,0.0,0.0,0.02,314,0.0
0.02,0.0,0.0,200,0.98,0.98,1.3999347500000001,1.4420701175,1.6235973479999999,196,0.8214675209636378,0.44243792325056436,1.0,1.2173335822540265,1.1929869106089461,1.2173335822540265,200,0.0,0.0,0.0,0.0,0.0,0.0,0.0,0.0,0.0,0.0,0.0,0.0,0.0,0.0,2.183673469387755,3.1418182999999997,0.0,1.5374666250000002,10.27450243476033,2.215,4472.235,9.284207523668124,0.15604777455329896,1.0008503401360545,1.0,3900.075,3.33875,0.0,0.0,2.2142857142857144,0.0,0.0,1.1929869106089461,Predictive Prior Only,0.0,0.98,3.0,ood_sparse,0.0,0.0,0.02,314,0.0
0.02,0.0,0.0,200,0.98,0.98,2.7635445,2.8335909575000002,3.328893387899999,196,0.8214675209636378,0.44243792325056436,1.0,1.2173335822540265,1.1929869106089461,1.2173335822540265,200,0.0,0.0,0.0,0.0,0.0,0.0,0.0,0.0,0.0,0.0,0.0,0.0,0.0,0.0,2.183673469387755,6.210588005,0.0,1.54553114,10.27450243476033,2.215,4472.235,9.284207523668124,0.15604777455329896,1.0008503401360545,1.0,3900.075,3.33875,0.0,0.0,2.2142857142857144,0.0,0.0,1.1929869106089461,Predictive Student (No Switch),0.0,0.98,3.0,ood_sparse,0.0,0.0,0.02,314,0.0
0.02,0.0,0.006711409395973154,200,0.98,0.98,5.875024,6.868162055,8.0682233488,196,0.8214675209636378,0.44243792325056436,1.0,1.2173335822540265,1.1929869106089461,1.2173335822540265,200,0.0,0.0,0.0,0.0,0.0,0.0,0.0,0.0,0.0,0.0,0.0,0.0,0.0,0.0,2.183673469387755,13.293498605,0.0,1.5579150300000004,10.27450243476033,2.215,4472.235,9.284207523668124,0.15604777455329896,1.0008503401360545,1.0,3474.955,3.33875,1.78,0.017963677976901335,2.2142857142857144,0.013341831498675877,0.225,1.1929869106089461,SwitchGLOBE Exact,0.008948545861297539,0.98,3.0,ood_sparse,0.10067114093959731,0.0,0.02,314,0.0
0.02,0.0,0.0,200,0.98,0.975,2.09337925,2.3084825699999993,2.7987063517,196,0.7973127115073808,0.4375,1.0,1.2542130403382423,1.2291287795314776,1.2606449020835668,200,0.0,0.0,0.0,0.0,0.0,0.0,0.0,0.0,0.005,0.00510204081632653,0.0,0.0,0.0,0.0,2.1581632653061225,4.774224985000001,0.0,1.5788492449999998,10.270526502221824,2.24,4522.26,9.215209841151722,0.1513300879796346,1.0119047619047619,1.0,4522.26,3.373125,0.0,0.0,2.239795918367347,0.0,0.295,1.2291287795314776,FastSwitchGLOBE,0.0,0.98,3.25,ood_sparse,0.13053097345132744,0.0,0.02,314,0.0
0.22,0.0,0.0,200,0.78,0.75,1.90936975,1.983716165,2.2843743126999994,156,0.47844931870278073,0.24413145539906103,1.0,2.0900855344747886,1.6302667168903353,2.1736889558537804,200,0.0,0.0,0.0,0.0,0.0,0.0,0.0,0.0,0.03,0.038461538461538464,0.0,0.0,0.0,0.0,1.6730769230769231,6.541094395,0.0,2.9516181900000005,7.124493253778328,3.195,6833.415,9.254466779916653,0.14235198278176153,1.3050213675213675,1.0,4210.695,4.595,0.0,0.0,3.2756410256410255,0.0,0.0,1.6302667168903349,Historical Untrained Local,0.0,0.78,6.0,ood_nodes_10,0.0,0.0,0.22,314,0.0
0.18,0.0,0.0,200,0.82,0.815,1.7907555,2.00732436,2.3264698364,164,0.5086778740461723,0.29233511586452765,1.0,1.9658806703065501,1.612022149651371,1.9779412879157927,200,0.0,0.0,0.0,0.0,0.0,0.0,0.0,0.0,0.005,0.006097560975609756,0.0,0.0,0.0,0.0,2.158536585365854,5.40911524,0.0,2.56709123,7.797998031534933,2.805,5972.985,9.075947764948857,0.11345119037126235,1.1089430894308943,1.0,3680.505,4.40625,0.0,0.0,2.7865853658536586,0.0,0.0,1.612022149651371,Historical PPO-only Local (No KD),0.0,0.82,4.849999999999994,ood_nodes_10,0.0,0.0,0.18,314,0.0
0.035,0.0,0.0,200,0.965,0.96,1.78764475,1.8287591549999995,2.0262879148,193,0.6783241255528794,0.3690248565965583,1.0,1.4742214854660127,1.4226237334747023,1.4818997223694816,200,0.0,0.0,0.0,0.0,0.0,0.0,0.0,0.0,0.005,0.0051813471502590676,0.0,0.0,0.0,0.0,2.393782383419689,4.75060745,0.0,2.3019617599999997,10.224812198443846,2.615,5302.65,9.576596642624496,0.13262179744871033,1.0244386873920552,1.0,3267.45,3.9425,0.0,0.0,2.616580310880829,0.0,0.0,1.4226237334747023,Historical KD-only Local,0.0,0.965,4.0,ood_nodes_10,0.0,0.0,0.035,314,0.0
0.045,0.0,0.0,200,0.955,0.95,1.79088975,1.8618880574999999,2.2140985699999995,191,0.6759696489332003,0.3694390715667311,1.0,1.4793563610114402,1.4127853247659254,1.4871424471220267,200,0.0,0.0,0.0,0.0,0.0,0.0,0.0,0.0,0.005,0.005235602094240838,0.0,0.0,0.0,0.0,2.4083769633507854,4.7348960799999995,0.0,2.2857127950000002,10.068099951809105,2.585,5262.63,9.456726045456426,0.1316285021995243,1.0172774869109946,1.0,3242.79,3.87625,0.0,0.0,2.586387434554974,0.0,0.0,1.4127853247659254,Historical KD+PPO Local,0.0,0.955,4.0,ood_nodes_10,0.0,0.0,0.045,314,0.0
0.04,0.0,0.0,200,0.96,0.96,2.83493975,2.9477517300000002,3.5204025249999997,192,0.6606570111966823,0.3742690058479532,1.0,1.5136447249513756,1.4530989359533206,1.5136447249513756,200,0.0,0.0,0.0,0.0,0.0,0.0,0.0,0.0,0.0,0.0,0.0,0.0,0.0,0.0,2.4479166666666665,7.424421414999999,0.0,2.269576035,10.139062532793393,2.565,5212.605,9.297550106475523,0.12366296272528796,0.9991319444444443,1.0,27198.805,3.863125,0.0,0.0,2.5572916666666665,0.0,0.0,1.4530989359533208,Privileged Global Teacher,0.0,0.96,4.0,ood_nodes_10,0.0,0.0,0.04,314,0.0
0.02,0.0,0.0,200,0.98,0.98,2.4780595,2.6147865875,2.858392902999999,196,0.6834106128896651,0.38058252427184464,1.0,1.4632491523239595,1.4339841692774804,1.4632491523239595,200,0.0,0.0,0.0,0.0,0.0,0.0,0.0,0.0,0.0,0.0,0.0,0.0,0.0,0.0,2.4642857142857144,6.467275734999999,0.0,2.25575149,10.471131563257089,2.575,5192.595,9.405133024011613,0.12934524824744772,0.9989795918367348,1.0,3863.955,3.873125,0.0,0.0,2.566326530612245,0.0,0.0,1.4339841692774804,Geo-Residual Student,0.0,0.98,4.0,ood_nodes_10,0.0,0.0,0.02,314,0.0
0.02,0.0,0.0,200,0.98,0.98,1.38855475,1.43005476,1.5331663097999995,196,0.6892118502295821,0.38058252427184464,1.0,1.4509326844378718,1.4219140307491145,1.4509326844378718,200,0.0,0.0,0.0,0.0,0.0,0.0,0.0,0.0,0.0,0.0,0.0,0.0,0.0,0.0,2.4591836734693877,3.61210701,0.0,2.23330008,10.473986285182564,2.575,5192.595,9.555801759501167,0.13157853107703357,1.001530612244898,1.0,4528.275,3.878125,0.0,0.0,2.5714285714285716,0.0,0.0,1.4219140307491145,Predictive Prior Only,0.0,0.98,4.0,ood_nodes_10,0.0,0.0,0.02,314,0.0
0.02,0.0,0.0,200,0.98,0.98,2.7337985,2.7953747374999995,3.1296659055999996,196,0.6892118502295821,0.38058252427184464,1.0,1.4509326844378718,1.4219140307491145,1.4509326844378718,200,0.0,0.0,0.0,0.0,0.0,0.0,0.0,0.0,0.0,0.0,0.0,0.0,0.0,0.0,2.4591836734693877,7.113159984999999,0.0,2.256905665,10.473986285182564,2.575,5192.595,9.555801759501167,0.13157853107703357,1.001530612244898,1.0,4528.275,3.878125,0.0,0.0,2.5714285714285716,0.0,0.0,1.4219140307491145,Predictive Student (No Switch),0.0,0.98,4.0,ood_nodes_10,0.0,0.0,0.02,314,0.0
0.02,0.0,0.011538461538461539,200,0.98,0.98,5.8560935,6.0387216850000005,6.710416389999999,196,0.6868795745678465,0.3798449612403101,1.0,1.4558592758114182,1.4267420902951897,1.4558592758114182,200,0.0,0.0,0.0,0.0,0.0,0.0,0.0,0.0,0.0,0.0,0.0,0.0,0.0,0.0,2.4591836734693877,15.294666365000001,0.0,2.28464036,10.471238166608595,2.58,5202.6,9.555801759501167,0.13090300246288897,1.001530612244898,1.0,4051.56,3.883125,2.055,0.01599449590717753,2.5714285714285716,0.016162275735821043,0.28,1.4267420902951897,SwitchGLOBE Exact,0.007692307692307693,0.98,4.0,ood_nodes_10,0.1076923076923077,0.0,0.02,314,0.0
0.065,0.0,0.0,200,0.935,0.935,2.067379,2.14363204,2.5261282119999997,187,0.6188573974845551,0.35283018867924526,1.0,1.6158811449368786,1.5108488705159815,1.6158811449368786,200,0.0,0.0,0.0,0.0,0.0,0.0,0.0,0.0,0.0,0.0,0.0,0.0,0.0,0.0,2.390374331550802,5.643649654999999,0.0,2.367258695,9.720512556899678,2.65,5432.715,9.25304714014308,0.12215552047679294,1.0196078431372548,1.0,5432.715,3.98,0.0,0.0,2.6042780748663104,0.0,0.14,1.5108488705159815,FastSwitchGLOBE,0.0,0.935,4.0,ood_nodes_10,0.05156537753222836,0.0,0.065,314,0.0
0.615,0.0,0.0,77,0.8961038961038961,0.34,1.88357625,1.93070496,2.2306020487999993,77,0.4834043642952074,0.23547400611620795,0.385,2.068661505483049,0.7964346796109738,2.342454940032276,200,0.0,0.0,0.0,0.0,0.0,0.0,0.0,0.0,0.005,0.012987012987012988,0.0,0.0,0.0,0.0,1.7246376811594204,4.2289438200000005,0.0,1.4429792450000003,0.7423012688905003,1.635,4502.25,9.714007632340218,0.25242702004810175,1.3381642512077294,1.0,2774.25,2.391875,0.0,0.0,2.051948051948052,0.0,0.0,0.7964346796109738,Historical Untrained Local,0.0,0.385,5.0,unconditional_sparse,0.0,0.0,0.615,314,0.0
0.615,0.0,0.0,77,0.948051948051948,0.365,1.7754017500000001,1.8340947324999999,2.0637980743999993,77,0.47712075588635605,0.2558139534883721,0.385,2.095905465571879,0.8069236042451735,2.2107496006717082,200,0.0,0.0,0.0,0.0,0.0,0.0,0.0,0.0,0.0,0.0,0.0,0.0,0.0,0.0,2.0684931506849313,3.77860311,0.0,1.329262105,0.7512007025927305,1.505,4242.12,9.607497236193666,0.24503564769402147,1.0125570776255708,1.0,2613.96,2.259375,0.0,0.0,1.5064935064935066,0.0,0.0,0.8069236042451735,Historical PPO-only Local (No KD),0.0,0.385,4.0,unconditional_sparse,0.0,0.0,0.615,314,0.0
0.59,0.0,0.0,77,0.987012987012987,0.38,1.77546625,1.8568925975,1.9701454407999996,82,0.5728530010782628,0.2789115646258503,0.385,1.7456485313295595,0.7157158978451195,1.8834628890661038,200,0.0,0.0,0.0,0.0,0.0,0.0,0.0,0.0,0.0,0.0,0.0,0.0,0.0,0.0,2.1447368421052633,3.66921738,0.0,1.2728360099999998,1.1660152500122785,1.47,4122.06,9.634373257940874,0.26718156322215997,0.9956140350877194,1.0,2539.98,2.174375,0.0,0.0,1.5731707317073171,0.0,0.0,0.7157158978451196,Historical KD-only Local,0.0,0.41,3.950000000000003,unconditional_sparse,0.0,0.0,0.59,314,0.0
0.59,0.0,0.0,77,0.987012987012987,0.38,1.7999714999999998,2.2822557,2.3569233392999998,82,0.5647368419585029,0.2760942760942761,0.385,1.770736253955042,0.7260018641215672,1.9105312213725452,200,0.0,0.0,0.0,0.0,0.0,0.0,0.0,0.0,0.0,0.0,0.0,0.0,0.0,0.0,2.1447368421052633,3.81641886,0.0,1.306419525,1.1642851746529344,1.485,4152.075,9.629861601952864,0.2646552044587831,0.9956140350877194,1.0,2558.475,2.196875,0.0,0.0,1.5975609756097562,0.0,0.0,0.7260018641215672,Historical KD+PPO Local,0.0,0.41,4.0,unconditional_sparse,0.0,0.0,0.59,314,0.0
0.595,0.0,0.0,77,0.987012987012987,0.38,2.828063,3.65252481,3.6855971386,81,0.5298486460060127,0.2709030100334448,0.385,1.8873314248096655,0.7643692270479145,2.0114979659155647,200,0.0,0.0,0.0,0.0,0.0,0.0,0.0,0.0,0.0,0.0,0.0,0.0,0.0,0.0,2.1447368421052633,6.123017135,0.0,1.3480607400000002,1.0967710211724044,1.495,4182.09,9.473703782497262,0.2551393303709726,0.9956140350877194,1.0,21821.69,2.2375,0.0,0.0,1.617283950617284,0.0,0.0,0.7643692270479145,Privileged Global Teacher,0.0,0.405,4.0,unconditional_sparse,0.0,0.0,0.595,314,0.0
0.595,0.0,0.0,77,0.987012987012987,0.38,2.5035290000000003,2.5718117699999996,2.9844687228999995,81,0.5379970941148812,0.26732673267326734,0.385,1.8587460990755187,0.7527921701255851,1.9810320266462764,200,0.0,0.0,0.0,0.0,0.0,0.0,0.0,0.0,0.0,0.0,0.0,0.0,0.0,0.0,2.1447368421052633,5.311447055000001,0.0,1.33317705,1.066077538534999,1.515,4222.11,9.528734260948834,0.2529625021852553,0.9956140350877194,1.0,3141.79,2.26125,0.0,0.0,1.5555555555555556,0.0,0.0,0.7527921701255851,Geo-Residual Student,0.0,0.405,4.0,unconditional_sparse,0.0,0.0,0.595,314,0.0
0.595,0.0,0.0,77,0.987012987012987,0.38,1.407467,1.4592557899999998,1.6337920414,81,0.5465754806392349,0.26557377049180325,0.385,1.8295734723234798,0.7409772562910093,1.949940148134235,200,0.0,0.0,0.0,0.0,0.0,0.0,0.0,0.0,0.0,0.0,0.0,0.0,0.0,0.0,2.1184210526315788,2.9915365150000004,0.0,1.3307063399999999,1.0654915065169335,1.525,4242.12,9.643442515492106,0.2562840643959741,1.0153508771929824,1.0,3699.4,2.275,0.0,0.0,1.5802469135802468,0.0,0.0,0.7409772562910093,Predictive Prior Only,0.0,0.405,4.0,unconditional_sparse,0.0,0.0,0.595,314,0.0
0.595,0.0,0.0,77,0.987012987012987,0.38,2.760002,2.8969808849999996,3.236481341299999,81,0.5465754806392349,0.26557377049180325,0.385,1.8295734723234798,0.7409772562910093,1.949940148134235,200,0.0,0.0,0.0,0.0,0.0,0.0,0.0,0.0,0.0,0.0,0.0,0.0,0.0,0.0,2.1184210526315788,5.8854701,0.0,1.34126581,1.0654915065169335,1.525,4242.12,9.643442515492106,0.2562840643959741,1.0153508771929824,1.0,3699.4,2.275,0.0,0.0,1.5802469135802468,0.0,0.0,0.7409772562910093,Predictive Student (No Switch),0.0,0.405,4.0,unconditional_sparse,0.0,0.0,0.595,314,0.0
0.595,0.0,0.014184397163120567,77,0.987012987012987,0.38,5.93666025,8.126955175,8.429772648599998,81,0.5434605765639171,0.26644736842105265,0.385,1.8400598739334475,0.7452242489430462,1.9611164445869638,200,0.0,0.0,0.0,0.0,0.0,0.0,0.0,0.0,0.0,0.0,0.0,0.0,0.0,0.0,2.1184210526315788,12.955039165,0.0,1.3663353799999998,1.0677070669531823,1.52,4232.115,9.591997303454157,0.25480932428811987,1.0153508771929824,1.0,3441.395,2.2675,0.86,0.1866977442008931,1.5802469135802468,0.006846181910347055,0.54,0.7452242489430462,SwitchGLOBE Exact,0.28132387706855794,0.405,4.0,unconditional_sparse,0.2553191489361702,0.0,0.595,314,0.0
0.605,0.0,0.0,77,0.974025974025974,0.375,2.08319,2.488363324999996,2.7664908879999994,79,0.5142156931557537,0.2651006711409396,0.385,1.9447092208776766,0.7681601422466823,2.0484270459911524,200,0.0,0.0,0.0,0.0,0.0,0.0,0.0,0.0,0.0,0.0,0.0,0.0,0.0,0.0,2.1333333333333333,4.44132091,0.0,1.33117483,0.9079447991102935,1.49,4192.095,9.58952811134158,0.2508984631237884,0.9955555555555556,1.0,4192.095,2.216875,0.0,0.0,1.5063291139240507,0.0,0.235,0.7681601422466824,FastSwitchGLOBE,0.0,0.395,3.0999999999999943,unconditional_sparse,0.11217183770883055,0.0,0.605,314,0.0
0.405,0.0,0.0,200,0.595,0.595,1.8713615,1.9351617374999999,2.173661344699999,119,0.3173599120029496,0.21364452423698385,1.0,3.150996588348896,1.874842970067593,3.150996588348896,200,0.0,0.0,0.0,0.0,0.0,0.0,0.0,0.0,0.0,0.0,0.0,0.0,0.0,0.0,3.0,5.98333813,0.0,1.83808727,4.191541122198105,2.785,6383.19,12.0,0.08151266607078349,1.0,1.0,3933.27,4.0525,0.0,0.0,4.0,0.0,0.0,1.8748429700675928,Historical Untrained Local,0.0,0.595,4.0,structural_hole_45,0.0,0.0,0.405,314,0.0
0.455,0.0,0.0,200,0.545,0.545,1.766808,1.8200047750000001,1.9786243615999994,109,0.30763917841724403,0.20683111954459202,1.0,3.2505612748832746,1.7715558948113845,3.2505612748832746,200,0.0,0.0,0.0,0.0,0.0,0.0,0.0,0.0,0.0,0.0,0.0,0.0,0.0,0.0,3.0,5.462064625,0.0,1.76063085,3.425064717531204,2.635,6183.09,12.0,0.09116947876440516,1.0,1.0,3809.97,4.134375,0.0,0.0,4.0,0.0,0.0,1.7715558948113845,Historical PPO-only Local (No KD),0.0,0.545,4.0,structural_hole_45,0.0,0.0,0.455,314,0.0
0.83,0.0,0.0,200,0.17,0.17,1.781728,1.8295454424999997,2.0884380294,34,0.17052815461816315,0.11258278145695365,1.0,5.864134296410716,0.9969028303898217,5.864134296410716,200,0.0,0.0,0.0,0.0,0.0,0.0,0.0,0.0,0.0,0.0,0.0,0.0,0.0,0.0,3.0,4.17181059,0.0,1.230042875,-2.3235083174705506,1.51,4682.34,12.0,0.16359557396656763,1.0,1.0,2885.22,2.29625,0.0,0.0,4.0,0.0,0.0,0.9969028303898219,Historical KD-only Local,0.0,0.17,4.0,structural_hole_45,0.0,0.0,0.83,314,0.0
1.0,0.0,0.0,200,0.0,0.0,1.79840425,2.1167952225,2.3795434887999996,0,0.0,0.0,1.0,,0.6457267745187132,,200,0.0,0.0,0.0,0.0,0.0,0.0,0.0,0.0,0.0,0.0,0.0,0.0,0.0,0.0,0.0,3.6435675000000005,0.0,0.9997505000000001,-4.929528093338014,1.0,4002.0,12.0,0.19642873712488126,0.0,0.0,2466.0,1.526875,0.0,0.0,,0.0,0.0,0.645726774518713,Historical KD+PPO Local,0.0,0.0,,structural_hole_45,0.0,0.0,1.0,314,0.0
0.0,0.0,0.0,200,1.0,1.0,2.84371425,3.5666268299999997,3.801891753499999,200,0.36880387187553854,0.25,1.0,2.711468279642881,2.711468279642881,2.711468279642881,200,0.0,0.0,0.0,0.0,0.0,0.0,0.0,0.0,0.0,0.0,0.0,0.0,0.0,0.0,3.0,11.578017730000001,0.0,2.4780566700000004,10.400000000000002,4.0,8004.0,12.0,0.0032924832524480196,1.0,1.0,41764.0,6.02,0.0,0.0,4.0,0.0,0.0,2.7114682796428804,Privileged Global Teacher,0.0,1.0,4.0,structural_hole_45,0.0,0.0,0.0,314,0.0
0.0,0.0,0.0,200,1.0,1.0,2.49598075,2.570477605,2.9619275969999994,200,0.36880387187553854,0.25,1.0,2.711468279642881,2.711468279642881,2.711468279642881,200,0.0,0.0,0.0,0.0,0.0,0.0,0.0,0.0,0.0,0.0,0.0,0.0,0.0,0.0,3.0,10.01617018,0.0,2.432624685,10.400000000000002,4.0,8004.0,12.0,0.0032924832524480196,1.0,1.0,5956.0,6.02,0.0,0.0,4.0,0.0,0.0,2.7114682796428804,Geo-Residual Student,0.0,1.0,4.0,structural_hole_45,0.0,0.0,0.0,314,0.0
0.0,0.0,0.0,200,1.0,1.0,1.39084475,1.43066444,1.6512657907,200,0.36880387187553854,0.25,1.0,2.711468279642881,2.711468279642881,2.711468279642881,200,0.0,0.0,0.0,0.0,0.0,0.0,0.0,0.0,0.0,0.0,0.0,0.0,0.0,0.0,3.0,5.589716784999999,0.0,2.4182941049999997,10.400000000000002,4.0,8004.0,12.0,0.0032924832524480196,1.0,1.0,6980.0,6.02,0.0,0.0,4.0,0.0,0.0,2.7114682796428804,Predictive Prior Only,0.0,1.0,4.0,structural_hole_45,0.0,0.0,0.0,314,0.0
0.0,0.0,0.0,200,1.0,1.0,2.7495457500000002,2.8359568625,3.3480927763999997,200,0.36880387187553854,0.25,1.0,2.711468279642881,2.711468279642881,2.711468279642881,200,0.0,0.0,0.0,0.0,0.0,0.0,0.0,0.0,0.0,0.0,0.0,0.0,0.0,0.0,3.0,11.05574521,0.0,2.4460307749999997,10.400000000000002,4.0,8004.0,12.0,0.0032924832524480196,1.0,1.0,6980.0,6.02,0.0,0.0,4.0,0.0,0.0,2.7114682796428804,Predictive Student (No Switch),0.0,1.0,4.0,structural_hole_45,0.0,0.0,0.0,314,0.0
0.0,0.0,0.0,200,1.0,1.0,5.8939675000000005,6.142132305,7.317840972899999,200,0.36880387187553854,0.25,1.0,2.711468279642881,2.711468279642881,2.711468279642881,200,0.0,0.0,0.0,0.0,0.0,0.0,0.0,0.0,0.0,0.0,0.0,0.0,0.0,0.0,3.0,23.714912799999997,0.0,2.47438555,10.400000000000002,4.0,8004.0,12.0,0.0032924832524480196,1.0,1.0,6516.0,6.02,3.0,0.019176874309778214,4.0,0.0,1.0,2.7114682796428804,SwitchGLOBE Exact,0.0,1.0,4.0,structural_hole_45,0.25,0.0,0.0,314,0.0
0.0,0.0,0.0,200,1.0,1.0,2.08655325,2.1703606849999995,2.5392287789,200,0.36880387187553854,0.25,1.0,2.711468279642881,2.711468279642881,2.711468279642881,200,0.0,0.0,0.0,0.0,0.0,0.0,0.0,0.0,0.0,0.0,0.0,0.0,0.0,0.0,3.0,8.39751461,0.0,2.439549745,10.400000000000002,4.0,8004.0,12.0,0.0032924832524480196,1.0,1.0,8004.0,6.02,0.0,0.0,4.0,0.0,1.0,2.7114682796428804,FastSwitchGLOBE,0.0,1.0,4.0,structural_hole_45,0.25,0.0,0.0,314,0.0
0.725,0.0,0.0,126,0.30158730158730157,0.19,1.8775525,1.9372832375,1.982556869699997,55,0.21559671206353268,0.12692307692307692,0.63,4.63828965863504,1.275529656124636,6.713313979603348,200,0.0,0.0,0.0,0.0,0.0,0.0,0.0,0.0,0.0,0.0,0.0,0.0,0.0,0.0,3.0,5.0656535599999994,0.0,1.49094724,-0.7357588788270948,2.166666666666666,5352.675,12.0,0.1486906162416092,1.0,1.0,3298.275,2.77875,0.0,0.0,4.0,0.0,0.0,1.275529656124636,Historical Untrained Local,0.0,0.275,4.0,structural_hole_225_link_loss,0.0,0.0,0.725,314,0.0
0.735,0.0,0.0,126,0.31746031746031744,0.2,1.8042527499999998,1.8533712524999997,2.1698551538,53,0.21768752945003483,0.1289189189189189,0.63,4.593740406381556,1.2173412076911125,6.086706038455562,200,0.0,0.0,0.0,0.0,0.0,0.0,0.0,0.0,0.0,0.0,0.0,0.0,0.0,0.0,3.0,4.670310799999999,0.0,1.4317737599999998,-0.8876802785396575,2.0555555555555554,5172.585,12.0,0.1489864297164388,1.0,1.0,3187.305,2.86875,0.0,0.0,4.0,0.0,0.0,1.2173412076911125,Historical PPO-only Local (No KD),0.0,0.265,4.0,structural_hole_225_link_loss,0.0,0.0,0.735,314,0.0
0.945,0.0,0.0,126,0.07936507936507936,0.05,1.8067845,1.8501532075,2.026271105099999,11,0.07264069382144911,0.04248927038626609,0.63,13.76638833403768,0.7571513583720724,15.14302716744145,200,0.0,0.0,0.0,0.0,0.0,0.0,0.0,0.0,0.0,0.0,0.0,0.0,0.0,0.0,3.0,3.8184452550000003,0.0,1.076647835,-4.092899939537047,1.2944444444444443,4222.11,12.0,0.18664457399012643,1.0,1.0,2601.63,1.72875,0.0,0.0,4.0,0.0,0.0,0.7571513583720721,Historical KD-only Local,0.0,0.055,4.0,structural_hole_225_link_loss,0.0,0.0,0.945,314,0.0
0.945,0.0,0.0,126,0.07936507936507936,0.05,1.809437,1.851530325,2.103139440299999,11,0.07264069382144911,0.04248927038626609,0.63,13.76638833403768,0.7571513583720724,15.14302716744145,200,0.0,0.0,0.0,0.0,0.0,0.0,0.0,0.0,0.0,0.0,0.0,0.0,0.0,0.0,3.0,3.825483595,0.0,1.07970436,-4.092899939537047,1.2944444444444443,4222.11,12.0,0.18664457399012643,1.0,1.0,2601.63,1.72875,0.0,0.0,4.0,0.0,0.0,0.7571513583720721,Historical KD+PPO Local,0.0,0.055,4.0,structural_hole_225_link_loss,0.0,0.0,0.945,314,0.0
0.415,0.0,0.0,126,0.6984126984126984,0.44,2.8418347500000003,2.9919894324999996,3.4437620797,117,0.3001450428081653,0.17847457627118643,0.63,3.331722525362979,1.9490576773373427,4.429676539403052,200,0.0,0.0,0.0,0.0,0.0,0.0,0.0,0.0,0.0,0.0,0.0,0.0,0.0,0.0,3.0,9.621312275000001,0.0,2.032743955,3.9968170453310017,3.2777777777777772,6733.365,12.0,0.09270596055101901,1.0,1.0,35133.965,4.404375,0.0,0.0,4.0,0.0,0.0,1.9490576773373425,Privileged Global Teacher,0.0,0.585,4.0,structural_hole_225_link_loss,0.0,0.0,0.415,314,0.0
0.42,0.0,0.0,126,0.6984126984126984,0.44,2.5006079999999997,2.57639907,2.9956341116000003,116,0.299165075972753,0.1778534923339012,0.63,3.342636157474066,1.9387289713349583,4.406202207579451,200,0.0,0.0,0.0,0.0,0.0,0.0,0.0,0.0,0.0,0.0,0.0,0.0,0.0,0.0,3.0,8.428392389999999,0.0,2.00299176,3.92016940510273,3.261111111111111,6713.355,12.0,0.09368139552575398,1.0,1.0,4995.595,4.383125,0.0,0.0,4.0,0.0,0.0,1.9387289713349576,Geo-Residual Student,0.0,0.58,4.0,structural_hole_225_link_loss,0.0,0.0,0.42,314,0.0
0.42,0.0,0.0,126,0.6984126984126984,0.44,1.40469275,1.4577250800000001,1.4923756239999986,116,0.299165075972753,0.1778534923339012,0.63,3.342636157474066,1.9387289713349583,4.406202207579451,200,0.0,0.0,0.0,0.0,0.0,0.0,0.0,0.0,0.0,0.0,0.0,0.0,0.0,0.0,3.0,4.717767465,0.0,1.9839660149999998,3.92016940510273,3.261111111111111,6713.355,12.0,0.09368139552575398,1.0,1.0,5854.475,4.383125,0.0,0.0,4.0,0.0,0.0,1.9387289713349576,Predictive Prior Only,0.0,0.58,4.0,structural_hole_225_link_loss,0.0,0.0,0.42,314,0.0
0.42,0.0,0.0,126,0.6984126984126984,0.44,2.76161675,2.8365686249999995,3.2440139206,116,0.299165075972753,0.1778534923339012,0.63,3.342636157474066,1.9387289713349583,4.406202207579451,200,0.0,0.0,0.0,0.0,0.0,0.0,0.0,0.0,0.0,0.0,0.0,0.0,0.0,0.0,3.0,9.2944542,0.0,2.007468195,3.92016940510273,3.261111111111111,6713.355,12.0,0.09368139552575398,1.0,1.0,5854.475,4.383125,0.0,0.0,4.0,0.0,0.0,1.9387289713349576,Predictive Student (No Switch),0.0,0.58,4.0,structural_hole_225_link_loss,0.0,0.0,0.42,314,0.0
0.42,0.0,0.0,126,0.6984126984126984,0.44,5.873325,6.0586366975,6.784597865099998,116,0.299165075972753,0.1778534923339012,0.63,3.342636157474066,1.9387289713349583,4.406202207579451,200,0.0,0.0,0.0,0.0,0.0,0.0,0.0,0.0,0.0,0.0,0.0,0.0,0.0,0.0,3.0,19.761914625,0.0,2.014360365,3.92016940510273,3.261111111111111,6713.355,12.0,0.09368139552575398,1.0,1.0,5496.395,4.383125,2.02,0.11324758530594409,4.0,0.0,0.915,1.9387289713349576,SwitchGLOBE Exact,0.12518628912071536,0.58,4.0,structural_hole_225_link_loss,0.2727272727272727,0.0,0.42,314,0.0
0.415,0.0,0.0,126,0.6984126984126984,0.44,2.0701795,2.1591220074999997,2.4835868598999995,117,0.3001450428081653,0.17847457627118643,0.63,3.331722525362979,1.9490576773373427,4.429676539403052,200,0.0,0.0,0.0,0.0,0.0,0.0,0.0,0.0,0.0,0.0,0.0,0.0,0.0,0.0,3.0,7.002899309999999,0.0,2.004847525,3.9968170453310017,3.2777777777777777,6733.365,12.0,0.09270596055101901,1.0,1.0,6733.365,4.406875,0.0,0.0,4.0,0.0,0.585,1.9490576773373425,FastSwitchGLOBE,0.0,0.585,4.0,structural_hole_225_link_loss,0.1738484398216939,0.0,0.415,314,0.0
0.555,0.0,0.0,200,0.445,0.445,1.886738,2.1732139974999996,2.4908047497,89,0.17288559840635828,0.1278735632183908,1.0,5.78417178306289,2.573956443462986,5.78417178306289,200,0.0,0.0,0.0,0.0,0.0,0.0,0.0,0.0,0.0,0.0,0.0,0.0,0.0,0.0,0.0,7.7185551,0.0,2.25708797,2.01178461265564,3.48,8074.035,14.681911063419705,0.0476191611517044,2.0,1.0,4975.155,5.085625,0.0,0.0,6.0,0.0,0.0,2.573956443462986,Historical Untrained Local,0.0,0.445,6.0,predictive_break_45,0.0,0.0,0.555,314,0.0
0.73,0.0,0.0,200,0.27,0.27,1.7744,1.835160795,2.1870082281,54,0.10595491482390898,0.08011869436201781,1.0,9.43797653617053,2.548253664766043,9.43797653617053,200,0.0,0.0,0.0,0.0,0.0,0.0,0.0,0.0,0.0,0.0,0.0,0.0,0.0,0.0,0.0,7.292841535,0.0,2.2081723749999997,-0.8068612632751462,3.37,8204.1,10.72764425367882,0.0476191611517044,2.0,1.0,5055.3,5.4125,0.0,0.0,6.0,0.0,0.0,2.5482536647660434,Historical PPO-only Local (No KD),0.0,0.27,6.0,predictive_break_45,0.0,0.0,0.73,314,0.0
1.0,0.0,0.0,200,0.0,0.0,1.7904737499999999,1.8456745625,2.1342869605999994,0,0.0,0.0,1.0,,0.9070292622053832,,200,0.0,0.0,0.0,0.0,0.0,0.0,0.0,0.0,0.0,0.0,0.0,0.0,0.0,0.0,0.0,3.595560665,0.0,0.924306965,-4.80000009536743,1.0,4002.0,16.0,0.0476191611517044,0.0,0.0,2466.0,1.499375,0.0,0.0,,0.0,0.0,0.907029262205383,Historical KD-only Local,0.0,0.0,,predictive_break_45,0.0,0.0,1.0,314,0.0
1.0,0.0,0.0,200,0.0,0.0,1.7890745,1.8476954849999998,2.1706540591,0,0.0,0.0,1.0,,0.9070292622053832,,200,0.0,0.0,0.0,0.0,0.0,0.0,0.0,0.0,0.0,0.0,0.0,0.0,0.0,0.0,0.0,3.5921148700000005,0.0,0.925767895,-4.80000009536743,1.0,4002.0,16.0,0.0476191611517044,0.0,0.0,2466.0,1.499375,0.0,0.0,,0.0,0.0,0.907029262205383,Historical KD+PPO Local,0.0,0.0,,predictive_break_45,0.0,0.0,1.0,314,0.0
0.92,0.0,0.0,200,0.08,0.08,2.79884575,2.888896695,3.3040196892999996,16,0.06818183363685726,0.05714285714285714,1.0,14.666663342116793,1.1733330673693434,14.666663342116793,200,0.0,0.0,0.0,0.0,0.0,0.0,0.0,0.0,0.0,0.0,0.0,0.0,0.0,0.0,0.0,6.531520089999999,0.0,1.1474919599999998,-3.5680000953674313,1.4,4642.32,16.0,0.0476191611517044,2.0,1.0,24223.12,2.044375,0.0,0.0,6.0,0.0,0.0,1.1733330673693434,Privileged Global Teacher,0.0,0.08,6.0,predictive_break_45,0.0,0.0,0.92,314,0.0
1.0,0.0,0.0,200,0.0,0.0,2.4920245,2.7337143325,2.9074431911,0,0.0,0.0,1.0,,0.9070292622053832,,200,0.0,0.0,0.0,0.0,0.0,0.0,0.0,0.0,0.0,0.0,0.0,0.0,0.0,0.0,0.0,5.022476260000001,0.0,0.931867905,-4.80000009536743,1.0,4002.0,16.0,0.0476191611517044,0.0,0.0,2978.0,1.499375,0.0,0.0,,0.0,0.0,0.907029262205383,Geo-Residual Student,0.0,0.0,,predictive_break_45,0.0,0.0,1.0,314,0.0
0.0,0.0,0.0,200,1.0,1.0,1.391514,1.6498406374999994,1.919138726,200,0.23608141713529657,0.16666666666666666,1.0,4.235826826754887,4.235826826754887,4.235826826754887,200,0.0,0.0,0.0,0.0,0.0,0.0,0.0,0.0,0.0,0.0,0.0,0.0,0.0,0.0,0.0,8.462540030000001,0.0,3.5850059350000003,10.599999904632568,6.0,12006.0,16.0,0.0476191611517044,2.0,1.0,10470.0,9.1125,0.0,0.0,6.0,0.0,0.0,4.235826826754887,Predictive Prior Only,0.0,1.0,6.0,predictive_break_45,0.0,0.0,0.0,314,0.0
0.0,0.0,0.0,200,1.0,1.0,2.715939,2.8095499874999996,3.303882809999997,200,0.23608141713529657,0.16666666666666666,1.0,4.235826826754887,4.235826826754887,4.235826826754887,200,0.0,0.0,0.0,0.0,0.0,0.0,0.0,0.0,0.0,0.0,0.0,0.0,0.0,0.0,0.0,16.385882025,0.0,3.557127575,10.599999904632568,6.0,12006.0,16.0,0.0476191611517044,2.0,1.0,10470.0,9.1125,0.0,0.0,6.0,0.0,0.0,4.235826826754887,Predictive Student (No Switch),0.0,1.0,6.0,predictive_break_45,0.0,0.0,0.0,314,0.0
0.0,0.0,0.16666666666666666,200,1.0,1.0,5.834709500000001,6.1297535875,6.3546640645000005,200,0.23608141713529657,0.16666666666666666,1.0,4.235826826754887,4.235826826754887,4.235826826754887,200,0.0,0.0,0.0,0.0,0.0,0.0,0.0,0.0,0.0,0.0,0.0,0.0,0.0,0.0,0.0,35.128682829999995,0.0,3.5837046999999997,10.599999904632568,6.0,12006.0,16.0,0.0476191611517044,2.0,1.0,9526.0,9.1125,4.0,0.01079363127549489,6.0,0.07332032918930054,1.0,4.235826826754887,SwitchGLOBE Exact,0.0,1.0,6.0,predictive_break_45,0.16666666666666666,0.0,0.0,314,0.0
0.0,0.0,0.0,200,1.0,1.0,2.046488,2.1172372375,2.2324439779999996,200,0.23608141713529657,0.16666666666666666,1.0,4.235826826754887,4.235826826754887,4.235826826754887,200,0.0,0.0,0.0,0.0,0.0,0.0,0.0,0.0,0.0,0.0,0.0,0.0,0.0,0.0,0.0,12.317461184999999,0.0,3.5400354349999996,10.599999904632568,6.0,12006.0,16.0,0.0476191611517044,2.0,1.0,12006.0,9.1125,0.0,0.0,6.0,0.0,1.0,4.235826826754887,FastSwitchGLOBE,0.0,1.0,6.0,predictive_break_45,0.16666666666666666,0.0,0.0,314,0.0
0.94,0.0,0.0,172,0.05813953488372093,0.05,1.85237425,1.9351228225,2.036048422899999,12,0.04029207301762284,0.02958904109589041,0.86,24.818777618183674,1.4891266570910204,29.78253314182041,200,0.0,0.0,0.0,0.0,0.0,0.0,0.0,0.0,0.0,0.0,0.0,0.0,0.0,0.0,1.2,5.1500745000000006,0.0,1.4110970699999998,-4.004153176784516,2.0277777777777772,5532.765,13.310022636518449,0.047619150145987665,1.7,1.0,3409.245,2.56625,0.0,0.0,6.0,0.0,0.0,1.4891266570910204,Historical Untrained Local,0.0,0.06,6.0,predictive_break_225_link_loss,0.0,0.0,0.94,314,0.0
0.755,0.0,0.0,172,0.2441860465116279,0.21,1.77699475,1.8461317424999997,1.894160279699999,49,0.12128239116875458,0.08416030534351146,0.86,8.245220022159534,2.020078905429086,9.619423359186124,200,0.0,0.0,0.0,0.0,0.0,0.0,0.0,0.0,0.0,0.0,0.0,0.0,0.0,0.0,0.7619047619047619,5.984671415,0.0,1.8439506,-1.100060791015625,2.911111111111111,6753.375,14.892362262095832,0.04761913276854021,1.8095238095238095,1.0,4161.375,4.07875,0.0,0.0,6.0,0.0,0.0,2.020078905429086,Historical PPO-only Local (No KD),0.0,0.245,6.0,predictive_break_225_link_loss,0.0,0.0,0.755,314,0.0
0.955,0.0,0.0,172,0.029069767441860465,0.025,1.7942512499999999,1.861675445,2.0875108427,9,0.04193566423188334,0.0324,0.86,23.846051286334657,1.0730723078850595,42.92289231540238,200,0.0,0.0,0.0,0.0,0.0,0.0,0.0,0.0,0.0,0.0,0.0,0.0,0.0,0.0,4.0,3.9657295,0.0,1.08273391,-4.128563344001771,1.3888888888888886,4412.205,15.84176603744226,0.047619159124335515,1.0,1.0,2718.765,1.83375,0.0,0.0,6.0,0.0,0.0,1.0730723078850593,Historical KD-only Local,0.0,0.045,6.0,predictive_break_225_link_loss,0.0,0.0,0.955,314,0.0
0.95,0.0,0.0,172,0.029069767441860465,0.025,1.79471275,1.8743815499999998,1.9122605156999992,10,0.046347882807887125,0.03571428571428571,0.86,21.575958585746395,1.0787979292873198,43.15191717149279,200,0.0,0.0,0.0,0.0,0.0,0.0,0.0,0.0,0.0,0.0,0.0,0.0,0.0,0.0,4.0,3.96954744,0.0,1.082025725,-4.049138915061951,1.3999999999999997,4422.21,15.920883018721131,0.047619159124335515,1.0,1.0,2724.93,1.854375,0.0,0.0,6.0,0.0,0.0,1.0787979292873195,Historical KD+PPO Local,0.0,0.05,6.0,predictive_break_225_link_loss,0.0,0.0,0.95,314,0.0
0.9,0.0,0.0,172,0.05813953488372093,0.05,2.7991277500000002,2.9090375975,3.0599852052,20,0.07744112501822459,0.057324840764331204,0.86,12.913035544933848,1.2913035544933849,25.826071089867696,200,0.0,0.0,0.0,0.0,0.0,0.0,0.0,0.0,0.0,0.0,0.0,0.0,0.0,0.0,4.0,6.9426336399999995,0.0,1.26419635,-3.286373118638993,1.7444444444444442,4942.47,15.762649056163392,0.047619151883732405,1.0,1.0,25789.27,2.315,0.0,0.0,6.0,0.0,0.0,1.2913035544933846,Privileged Global Teacher,0.0,0.1,6.0,predictive_break_225_link_loss,0.0,0.0,0.9,314,0.0
0.895,0.0,0.0,172,0.06395348837209303,0.055,2.4962217499999997,2.5960167525,2.7105788749999995,21,0.08095423137069661,0.05981012658227849,0.86,12.352658818053762,1.297029175895645,23.58234865264809,200,0.0,0.0,0.0,0.0,0.0,0.0,0.0,0.0,0.0,0.0,0.0,0.0,0.0,0.0,4.0,6.18429891,0.0,1.25731972,-3.2069486896991735,1.7555555555555555,4952.475,15.84176603744226,0.047619151883732405,1.0,1.0,3685.275,2.33,0.0,0.0,6.0,0.0,0.0,1.297029175895645,Geo-Residual Student,0.0,0.105,6.0,predictive_break_225_link_loss,0.0,0.0,0.895,314,0.0
0.5,0.0,0.0,172,0.5116279069767442,0.44,1.39121825,1.4682805499999998,1.6192792817000001,100,0.16610173360613076,0.11070110701107012,0.86,6.020406760902647,3.0102033804513235,6.841371319207553,200,0.0,0.0,0.0,0.0,0.0,0.0,0.0,0.0,0.0,0.0,0.0,0.0,0.0,0.0,0.8181818181818182,6.357527235,0.0,2.64600835,2.819400526762008,4.516666666666667,9134.565,15.525298112326784,0.047619110757106745,1.7954545454545454,1.0,7965.925,6.095625,0.0,0.0,6.0,0.0,0.0,3.0102033804513235,Predictive Prior Only,0.0,0.5,6.0,predictive_break_225_link_loss,0.0,0.0,0.5,314,0.0
0.5,0.0,0.0,172,0.5116279069767442,0.44,2.7403234999999997,3.67537396,3.7326323187,100,0.16610173360613076,0.11070110701107012,0.86,6.020406760902647,3.0102033804513235,6.841371319207553,200,0.0,0.0,0.0,0.0,0.0,0.0,0.0,0.0,0.0,0.0,0.0,0.0,0.0,0.0,0.8181818181818182,12.677308055,0.0,2.6910150899999996,2.819400526762008,4.516666666666667,9134.565,15.525298112326784,0.047619110757106745,1.7954545454545454,1.0,7965.925,6.095625,0.0,0.0,6.0,0.0,0.0,3.0102033804513235,Predictive Student (No Switch),0.0,0.5,6.0,predictive_break_225_link_loss,0.0,0.0,0.5,314,0.0
0.5,0.0,0.14348302300109528,172,0.5116279069767442,0.44,5.89528725,6.807642727499999,8.074307659999999,100,0.16610173360613076,0.11070110701107012,0.86,6.020406760902647,3.0102033804513235,6.841371319207553,200,0.0,0.0,0.0,0.0,0.0,0.0,0.0,0.0,0.0,0.0,0.0,0.0,0.0,0.0,0.8181818181818182,27.2423664,0.0,2.7313941450000003,2.819400526762008,4.516666666666667,9134.565,15.525298112326784,0.047619110757106745,1.7954545454545454,1.0,7402.965,6.095625,2.185,0.12169779811054468,6.0,0.044059571323044805,1.09,3.0102033804513235,SwitchGLOBE Exact,0.10952902519167579,0.5,6.0,predictive_break_225_link_loss,0.23877327491785322,0.0,0.5,314,0.0
0.5,0.0,0.0,172,0.5116279069767442,0.44,2.0745999999999998,2.1368697875000002,2.1615858828,100,0.16610173360613076,0.11070110701107012,0.86,6.020406760902647,3.0102033804513235,6.841371319207553,200,0.0,0.0,0.0,0.0,0.0,0.0,0.0,0.0,0.0,0.0,0.0,0.0,0.0,0.0,0.8181818181818182,9.490592445,0.0,2.6734592399999997,2.819400526762008,4.516666666666667,9134.565,15.525298112326784,0.047619110757106745,1.7954545454545454,1.0,9134.565,6.095625,0.0,0.0,6.0,0.0,0.98,3.0102033804513235,FastSwitchGLOBE,0.0,0.5,6.0,predictive_break_225_link_loss,0.21467688937568455,0.0,0.5,314,0.0
0.365,0.0,0.0,200,0.635,0.615,1.90060775,1.9665868549999999,2.1414284840999995,127,0.527170042769973,0.17162162162162162,1.0,1.896921142835772,1.2045449257007153,1.9586096352857159,200,0.0,0.0,0.0,0.0,0.0,0.0,0.0,0.0,0.02,0.031496062992125984,0.0,0.0,0.0,0.0,1.779527559055118,5.611881435,0.0,2.10465121,4.777590530775488,3.6999999999999993,5912.955,10.63902957838132,0.20160675868391992,1.2198162729658795,1.0,3643.515,3.7625,0.0,0.0,2.7401574803149606,0.0,0.0,1.2045449257007153,Historical Untrained Local,0.0,0.635,5.0,ood_link_loss_30,0.0,0.0,0.365,314,0.0
0.3,0.0,0.0,200,0.7,0.69,1.7889565,1.8513898575,1.8926187444,140,0.5422929108101033,0.19959266802443992,1.0,1.8440218930875416,1.290815325161279,1.8707468480598248,200,0.0,0.0,0.0,0.0,0.0,0.0,0.0,0.0,0.01,0.014285714285714285,0.0,0.0,0.0,0.0,1.95,4.9409721,0.0,1.95332177,5.8297914790958165,3.5071428571428567,5512.755,10.350886397553932,0.18321945048868657,1.1386904761904761,1.0,3396.915,3.7475,0.0,0.0,2.5428571428571427,0.0,0.0,1.2908153251612788,Historical PPO-only Local (No KD),0.0,0.7,4.0,ood_link_loss_30,0.0,0.0,0.3,314,0.0
0.225,0.0,0.0,200,0.775,0.77,1.79086875,1.8528316249999999,1.913302295,155,0.6695814390518536,0.23233404710920771,1.0,1.4934703109692353,1.1574394910011574,1.5031681701313733,200,0.0,0.0,0.0,0.0,0.0,0.0,0.0,0.0,0.005,0.0064516129032258064,0.0,0.0,0.0,0.0,2.0451612903225804,4.59375551,0.0,1.81370632,7.10207947178185,3.3357142857142854,5122.56,10.532787212813536,0.20514262713491915,1.0978494623655914,1.0,3156.48,3.466875,0.0,0.0,2.445161290322581,0.0,0.0,1.1574394910011574,Historical KD-only Local,0.0,0.775,4.0,ood_link_loss_30,0.0,0.0,0.225,314,0.0
0.22,0.0,0.0,200,0.78,0.78,1.78378975,1.83078566,1.8646645742999997,156,0.6729519179931676,0.2353448275862069,1.0,1.4859902665589149,1.1590724079159536,1.4859902665589149,200,0.0,0.0,0.0,0.0,0.0,0.0,0.0,0.0,0.0,0.0,0.0,0.0,0.0,0.0,2.0576923076923075,4.539602085,0.0,1.7909759550000002,7.178207336083055,3.3142857142857145,5082.54,10.528113173887828,0.19985910929739475,1.0854700854700854,1.0,3131.82,3.45125,0.0,0.0,2.4166666666666665,0.0,0.0,1.1590724079159536,Historical KD+PPO Local,0.0,0.78,4.0,ood_link_loss_30,0.0,0.0,0.22,314,0.0
0.235,0.0,0.0,200,0.765,0.76,2.836024,2.928303895,2.9526571701999997,153,0.6638827086026076,0.22787234042553192,1.0,1.5062901730109504,1.152311982353377,1.5161999767807592,200,0.0,0.0,0.0,0.0,0.0,0.0,0.0,0.0,0.005,0.006535947712418301,0.0,0.0,0.0,0.0,2.0065359477124183,7.34408503,0.0,1.8414100449999997,6.931170776195824,3.3571428571428568,5172.585,10.495283093575638,0.20583753988146783,1.1056644880174291,1.0,26989.985,3.495,0.0,0.0,2.4640522875816995,0.0,0.0,1.152311982353377,Privileged Global Teacher,0.0,0.765,4.0,ood_link_loss_30,0.0,0.0,0.235,314,0.0
0.215,0.0,0.0,200,0.785,0.785,2.49166125,2.5484734875,2.5686450566,157,0.6996674572105774,0.23787878787878788,1.0,1.4292504098829797,1.121961571758139,1.4292504098829797,200,0.0,0.0,0.0,0.0,0.0,0.0,0.0,0.0,0.0,0.0,0.0,0.0,0.0,0.0,2.0955414012738856,6.29589569,0.0,1.776967375,7.261290260843932,3.3,5052.525,10.581543995231232,0.20891460046172142,1.0774946921443738,1.0,3759.725,3.435,0.0,0.0,2.426751592356688,0.0,0.0,1.121961571758139,Geo-Residual Student,0.0,0.785,4.0,ood_link_loss_30,0.0,0.0,0.215,314,0.0
0.215,0.0,0.0,200,0.785,0.785,1.3979905,1.4460276424999998,1.46146089,157,0.7073015310461775,0.23736501079913605,1.0,1.4138241698994896,1.1098519733710992,1.4138241698994896,200,0.0,0.0,0.0,0.0,0.0,0.0,0.0,0.0,0.0,0.0,0.0,0.0,0.0,0.0,2.089171974522293,3.53987932,0.0,1.7741112649999997,7.261218578152359,3.3071428571428574,5062.53,10.712165806672171,0.2132658541202545,1.08067940552017,1.0,4414.85,3.438125,0.0,0.0,2.43312101910828,0.0,0.0,1.1098519733710992,Predictive Prior Only,0.0,0.785,4.0,ood_link_loss_30,0.0,0.0,0.215,314,0.0
0.215,0.0,0.0,200,0.785,0.785,2.7502725,2.80310879,2.816514970399999,157,0.7073015310461775,0.23736501079913605,1.0,1.4138241698994896,1.1098519733710992,1.4138241698994896,200,0.0,0.0,0.0,0.0,0.0,0.0,0.0,0.0,0.0,0.0,0.0,0.0,0.0,0.0,2.089171974522293,6.9648761949999995,0.0,1.78672258,7.261218578152359,3.3071428571428574,5062.53,10.712165806672171,0.2132658541202545,1.08067940552017,1.0,4414.85,3.438125,0.0,0.0,2.43312101910828,0.0,0.0,1.1098519733710992,Predictive Student (No Switch),0.0,0.785,4.0,ood_link_loss_30,0.0,0.0,0.215,314,0.0
0.215,0.0,0.011881188118811881,200,0.785,0.785,5.8903415,6.733599264999999,7.2952944170999965,157,0.7061110922615149,0.23787878787878788,1.0,1.4162077482697872,1.111723082391783,1.4162077482697872,200,0.0,0.0,0.0,0.0,0.0,0.0,0.0,0.0,0.0,0.0,0.0,0.0,0.0,0.0,2.0955414012738856,15.075653950000001,0.0,1.8188819,7.261586936287581,3.3,5052.525,10.712165806672171,0.21163645908236503,1.0774946921443738,1.0,3935.565,3.43125,1.805,0.05211192074604332,2.426751592356688,0.010659868562860149,0.28,1.111723082391783,SwitchGLOBE Exact,0.08514851485148515,0.785,4.0,ood_link_loss_30,0.11089108910891089,0.0,0.215,314,0.0
0.24,0.0,0.0,200,0.76,0.755,2.06833225,2.1364820675,2.1806640078999986,152,0.6214665680021209,0.22120582120582122,1.0,1.609097015813387,1.2229137320181742,1.6197532874412903,200,0.0,0.0,0.0,0.0,0.0,0.0,0.0,0.0,0.005,0.006578947368421052,0.0,0.0,0.0,0.0,1.986842105263158,5.4894908,0.0,1.8800050149999998,6.820539921388031,3.4357142857142855,5292.645,10.584527600735747,0.1890279893577099,1.113486842105263,1.0,5292.645,3.576875,0.0,0.0,2.4934210526315788,0.0,0.175,1.222913732018174,FastSwitchGLOBE,0.0,0.76,4.0,ood_link_loss_30,0.0661625708884688,0.0,0.24,314,0.0
0.17,0.0,0.0,200,0.83,0.73,1.89575775,2.0102048274999995,2.2178558619,166,0.5224943034725693,0.2542113323124043,1.0,1.9138964642367617,1.588534065316512,2.1760740620774137,200,0.0,0.0,0.0,0.0,0.0,0.0,0.0,0.0,0.1,0.12048192771084337,0.0,0.0,0.0,0.0,1.283132530120482,6.5351730450000005,0.0,3.3890517850000004,7.876118955850601,3.265,6873.435,2.491388214166063,0.15392011359333993,1.4593373493975903,1.0,4235.355,4.59875,0.0,0.0,3.2289156626506026,0.0,0.0,1.588534065316512,Historical Untrained Local,0.0,0.83,6.0,ood_extreme_mobility,0.0,0.0,0.17,314,0.0
0.08,0.0,0.0,200,0.92,0.895,1.774096,2.2826707375,2.3533613631999994,184,0.6432448857058908,0.36363636363636365,1.0,1.5546178791652725,1.4302484488320508,1.5980429595888836,200,0.0,0.0,0.0,0.0,0.0,0.0,0.0,0.0,0.025,0.02717391304347826,0.0,0.0,0.0,0.0,2.032608695652174,4.71769552,0.0,2.48627635,9.449844309061767,2.53,5222.61,2.7065928777309933,0.1351855306327343,1.1239130434782607,1.0,3218.13,3.92375,0.0,0.0,2.5706521739130435,0.0,0.0,1.4302484488320504,Historical PPO-only Local (No KD),0.0,0.92,4.0,ood_extreme_mobility,0.0,0.0,0.08,314,0.0
0.035,0.0,0.0,200,0.965,0.965,1.7854745,1.8566337275,2.1874506876999984,193,0.8018694915228531,0.41956521739130437,1.0,1.2470857297499516,1.2034377292087033,1.2470857297499516,200,0.0,0.0,0.0,0.0,0.0,0.0,0.0,0.0,0.0,0.0,0.0,0.0,0.0,0.0,2.316062176165803,4.194102705,0.0,2.19838614,10.263566326797008,2.3,4672.335,2.8192424111021888,0.16398382619023322,0.993782383419689,1.0,2879.055,3.433125,0.0,0.0,2.2694300518134716,0.0,0.0,1.2034377292087033,Historical KD-only Local,0.0,0.965,3.0,ood_extreme_mobility,0.0,0.0,0.035,314,0.0
0.03,0.0,0.0,200,0.97,0.965,1.7967685,2.02182522,2.3062131061999995,194,0.8035626651600432,0.4190064794816415,1.0,1.2444580159791683,1.2071242754997933,1.250905984973879,200,0.0,0.0,0.0,0.0,0.0,0.0,0.0,0.0,0.005,0.005154639175257732,0.0,0.0,0.0,0.0,2.2938144329896906,4.2658206000000005,0.0,2.22927928,10.349176488101483,2.315,4692.345,2.7566131164042065,0.17006049260497094,1.0058419243986254,1.0,2891.385,3.439375,0.0,0.0,2.2989690721649483,0.0,0.0,1.2071242754997933,Historical KD+PPO Local,0.0,0.97,3.3499999999999943,ood_extreme_mobility,0.0,0.0,0.03,314,0.0
0.04,0.0,0.0,200,0.96,0.955,2.84883475,2.982576627499999,3.6778280699999994,192,0.7840692214769488,0.4129032258064516,1.0,1.2753975957840853,1.2243816919527217,1.282075070107562,200,0.0,0.0,0.0,0.0,0.0,0.0,0.0,0.0,0.005,0.005208333333333333,0.0,0.0,0.0,0.0,2.2708333333333335,6.791976174999999,0.0,2.244296285,10.172950230896472,2.325,4732.365,2.7810062451711315,0.1641176860034466,1.0098090277777778,1.0,24692.965,3.428125,0.0,0.0,2.3020833333333335,0.0,0.0,1.2243816919527217,Privileged Global Teacher,0.0,0.96,4.0,ood_extreme_mobility,0.0,0.0,0.04,314,0.0
0.035,0.0,0.0,200,0.965,0.965,2.5042305,2.851083729999999,3.3167408707999995,193,0.8142403255759944,0.4232456140350877,1.0,1.228138632525476,1.1851537803870844,1.228138632525476,200,0.0,0.0,0.0,0.0,0.0,0.0,0.0,0.0,0.0,0.0,0.0,0.0,0.0,0.0,2.3367875647668392,5.870250845,0.0,2.187596005,10.270375429570677,2.28,4632.315,2.841353308974113,0.16536302760243415,0.9868739205526769,1.0,3447.035,3.415,0.0,0.0,2.2487046632124352,0.0,0.0,1.1851537803870844,Geo-Residual Student,0.0,0.965,3.0,ood_extreme_mobility,0.0,0.0,0.035,314,0.0
0.035,0.0,0.0,200,0.965,0.965,1.3982977499999998,1.4614652475,1.7305231306999984,193,0.8269430571879227,0.42139737991266374,1.0,1.2092731069060176,1.1669485481643072,1.2092731069060176,200,0.0,0.0,0.0,0.0,0.0,0.0,0.0,0.0,0.0,0.0,0.0,0.0,0.0,0.0,2.305699481865285,3.2753781600000003,0.0,2.19095813,10.275257137849927,2.29,4652.325,2.9583651187392563,0.17140391275286673,1.0006908462867012,1.0,4057.125,3.42125,0.0,0.0,2.2797927461139897,0.0,0.0,1.1669485481643072,Predictive Prior Only,0.0,0.965,3.0,ood_extreme_mobility,0.0,0.0,0.035,314,0.0
0.035,0.0,0.0,200,0.965,0.965,2.7640830000000003,2.9105345674999996,3.652313393899999,193,0.8269430571879227,0.42139737991266374,1.0,1.2092731069060176,1.1669485481643072,1.2092731069060176,200,0.0,0.0,0.0,0.0,0.0,0.0,0.0,0.0,0.0,0.0,0.0,0.0,0.0,0.0,2.305699481865285,6.478070345000001,0.0,2.2098537,10.275257137849927,2.29,4652.325,2.9583651187392563,0.17140391275286673,1.0006908462867012,1.0,4057.125,3.42125,0.0,0.0,2.2797927461139897,0.0,0.0,1.1669485481643072,Predictive Student (No Switch),0.0,0.965,3.0,ood_extreme_mobility,0.0,0.0,0.035,314,0.0
0.03,0.0,0.047311827956989246,200,0.97,0.97,5.91040875,6.415734539999998,8.030178819199998,194,0.8214944253817663,0.4226579520697168,1.0,1.2172937138742947,1.1807749024580658,1.2172937138742947,200,0.0,0.0,0.0,0.0,0.0,0.0,0.0,0.0,0.0,0.0,0.0,0.0,0.0,0.0,2.3092783505154637,13.86179085,0.0,2.22836946,10.35551884265244,2.295,4652.325,2.951933145840609,0.17064352557063103,1.0006872852233677,1.0,3942.565,3.43375,1.125,0.06537945422964792,2.283505154639175,0.01298868181652197,0.895,1.1807749024580658,SwitchGLOBE Exact,0.012903225806451613,0.97,3.3499999999999943,ood_extreme_mobility,0.3849462365591398,0.0,0.03,314,0.0
0.055,0.0,0.0,200,0.945,0.925,2.085365,2.1444281999999997,2.4146262442999995,189,0.7341498056234997,0.391304347826087,1.0,1.3621198185167653,1.2872032284983432,1.3915710578360467,200,0.0,0.0,0.0,0.0,0.0,0.0,0.0,0.0,0.02,0.021164021164021163,0.0,0.0,0.0,0.0,2.2169312169312168,5.170733645,0.0,2.3661632150000003,9.905652644634246,2.415,4942.47,2.924345136014606,0.15419104382395743,1.0408289241622575,1.0,4942.47,3.58375,0.0,0.0,2.365079365079365,0.0,0.89,1.2872032284983432,FastSwitchGLOBE,0.0,0.945,4.0,ood_extreme_mobility,0.3603238866396761,0.0,0.055,314,0.0
0.355,0.0,0.0,200,0.645,0.53,1.90548125,1.967636385,2.1664788757999998,129,0.2775917967511583,0.14609286523216308,1.0,3.6024119289678804,2.3235556941842828,4.384067347517514,200,0.0,0.0,0.0,0.0,0.0,0.0,0.0,0.0,0.115,0.17829457364341086,0.0,0.0,0.0,0.0,1.1162790697674418,9.08871285,0.0,5.037732245,4.773278638580016,4.415,9544.77,8.365004367741752,0.10576030498459228,1.5727390180878553,1.0,5881.41,6.261875,0.0,0.0,4.062015503875969,0.0,0.0,2.3235556941842828,Historical Untrained Local,0.0,0.645,8.599999999999994,ood_nodes_16,0.0,0.0,0.355,314,0.0
0.31,0.0,0.0,200,0.69,0.605,1.7928185,1.8550632775,2.073606452,138,0.2995476811847659,0.18110236220472442,1.0,3.3383666868820923,2.3034730139486435,3.807393411485361,200,0.0,0.0,0.0,0.0,0.0,0.0,0.0,0.0,0.085,0.12318840579710146,0.0,0.0,0.0,0.0,1.6376811594202898,7.41081362,0.0,4.307518085000001,5.559121832387787,3.81,8244.12,8.426591047569875,0.09419574169885549,1.3189613526570048,1.0,5079.96,6.05,0.0,0.0,3.550724637681159,0.0,0.0,2.3034730139486435,Historical PPO-only Local (No KD),0.0,0.69,8.0,ood_nodes_16,0.0,0.0,0.31,314,0.0
0.05,0.0,0.0,200,0.945,0.945,1.7983912499999999,1.9470194675,2.0581798341999997,189,0.5503202952156128,0.3088235294117647,1.0,1.8171236072771129,1.7171818088768718,1.8171236072771129,200,0.0,0.0,0.0,0.0,0.0,0.0,0.0,0.0,0.0,0.0,0.0,0.0,0.0,0.0,2.507936507936508,5.629362075,0.0,3.3452047899999995,9.86575573940788,3.06,6223.11,8.754256003127797,0.10595353018669858,1.0334215167548502,1.0,3834.63,4.603125,0.0,0.0,2.925925925925926,0.0,0.0,1.7171818088768718,Historical KD-only Local,0.0,0.945,5.0,ood_nodes_16,0.0,0.0,0.055,314,0.005
0.04,0.0,0.0,200,0.96,0.955,1.7986735,1.9192403375,2.1218385019999997,192,0.5460069917617303,0.3127035830618892,1.0,1.8314783786438873,1.7582192434981316,1.841067270678672,200,0.0,0.0,0.0,0.0,0.0,0.0,0.0,0.0,0.005,0.005208333333333333,0.0,0.0,0.0,0.0,2.4375,5.618879294999999,0.0,3.3284300800000004,10.11306535348722,3.07,6223.11,8.611332781765707,0.10495196325438368,1.0598958333333333,1.0,3834.63,4.584375,0.0,0.0,3.015625,0.0,0.0,1.7582192434981316,Historical KD+PPO Local,0.0,0.96,6.0,ood_nodes_16,0.0,0.0,0.04,314,0.0
0.08,0.0,0.0,200,0.915,0.905,2.851787,3.12948282,3.4391946114999965,183,0.5103371712746924,0.30449251247920134,1.0,1.9594888561659238,1.7929323033918203,1.9811406667312932,200,0.0,0.0,0.0,0.0,0.0,0.0,0.0,0.0,0.01,0.01092896174863388,0.0,0.0,0.0,0.0,2.530054644808743,8.877440995,0.0,3.337538805,9.342111877228533,3.005,6173.085,8.398226109174356,0.10198416113853458,1.0150273224043715,1.0,32210.485,4.4875,0.0,0.0,2.819672131147541,0.0,0.0,1.7929323033918205,Privileged Global Teacher,0.0,0.915,5.0,ood_nodes_16,0.0,0.0,0.085,314,0.005
0.015,0.0,0.0,200,0.985,0.985,2.5060015,2.7604035525,3.3626507404,197,0.5805022668795704,0.3420138888888889,1.0,1.7226461584300023,1.6968064660535525,1.7226461584300023,200,0.0,0.0,0.0,0.0,0.0,0.0,0.0,0.0,0.0,0.0,0.0,0.0,0.0,0.0,2.649746192893401,7.328814955,0.0,3.1280425,10.527103082375868,2.88,5792.895,8.878250552499201,0.10961217397735236,0.9898477157360406,1.0,4310.655,4.304375,0.0,0.0,2.8274111675126905,0.0,0.0,1.6968064660535527,Geo-Residual Student,0.0,0.985,5.0,ood_nodes_16,0.0,0.0,0.015,314,0.0
0.025,0.0,0.0,200,0.975,0.97,1.41308675,1.5079857449999998,1.6046138159999992,195,0.5741693915290709,0.3333333333333333,1.0,1.7416463063920897,1.6981051487322876,1.7506238646724614,200,0.0,0.0,0.0,0.0,0.0,0.0,0.0,0.0,0.005,0.005128205128205128,0.0,0.0,0.0,0.0,2.6256410256410256,4.1845068,0.0,3.1582374750000004,10.35547798101391,2.925,5902.95,9.194733500332209,0.11059487689109078,0.9948717948717949,1.0,5147.75,4.369375,0.0,0.0,2.8461538461538463,0.0,0.0,1.6981051487322876,Predictive Prior Only,0.0,0.975,5.0,ood_nodes_16,0.0,0.0,0.025,314,0.0
0.025,0.0,0.0,200,0.975,0.97,2.7567862499999998,2.81945335,3.2270676217999994,195,0.5741693915290709,0.3333333333333333,1.0,1.7416463063920897,1.6981051487322876,1.7506238646724614,200,0.0,0.0,0.0,0.0,0.0,0.0,0.0,0.0,0.005,0.005128205128205128,0.0,0.0,0.0,0.0,2.6256410256410256,8.163614695,0.0,3.1755327999999996,10.35547798101391,2.925,5902.95,9.194733500332209,0.11059487689109078,0.9948717948717949,1.0,5147.75,4.369375,0.0,0.0,2.8461538461538463,0.0,0.0,1.6981051487322876,Predictive Student (No Switch),0.0,0.975,5.0,ood_nodes_16,0.0,0.0,0.025,314,0.0
0.025,0.0,0.027303754266211604,200,0.975,0.975,5.898252749999999,6.270503375,7.335096824899993,195,0.5756320809769683,0.33562822719449226,1.0,1.7372207579236905,1.693790238975598,1.7372207579236905,200,0.0,0.0,0.0,0.0,0.0,0.0,0.0,0.0,0.0,0.0,0.0,0.0,0.0,0.0,2.646153846153846,17.430078740000003,0.0,3.177441275,10.357432512973038,2.905,5862.93,9.203244547710247,0.11142797157877972,0.9897435897435898,1.0,4567.97,4.339375,2.31,0.01772165583983241,2.825641025641026,0.029544107615947723,0.32,1.693790238975598,SwitchGLOBE Exact,0.008532423208191127,0.975,5.0,ood_nodes_16,0.10921501706484642,0.0,0.025,314,0.0
0.13,0.0,0.0,200,0.87,0.855,2.086448,2.180248825,2.656327604699999,174,0.42528245082279625,0.25625920471281294,1.0,2.351378473448163,2.0456992718999016,2.392630727368306,200,0.0,0.0,0.0,0.0,0.0,0.0,0.0,0.0,0.015,0.017241379310344827,0.0,0.0,0.0,0.0,2.3563218390804597,7.404516990000001,0.0,3.93118854,8.581673556608813,3.395,7053.525,8.694625340474902,0.09317882259686792,1.070977011494253,1.0,7053.525,5.11,0.0,0.0,2.9770114942528734,0.0,0.03,2.0456992718999016,FastSwitchGLOBE,0.0,0.87,5.0,ood_nodes_16,0.00851063829787234,0.0,0.13,314,0.0
0.415,0.0,0.0,200,0.5,0.33,1.9174704999999999,2.312357887499999,2.5219524665,100,0.16023467301108035,0.08210180623973727,1.0,6.240846510984856,3.120423255492428,9.45582804694675,200,0.0,0.0,0.0,0.0,0.0,0.0,0.0,0.0,0.17,0.34,0.0,0.0,0.0,0.0,0.43,12.638587809999999,0.0,7.954701494999999,2.263109106759815,6.09,13016.505,8.031884942702813,0.09562188576568265,1.7970833333333331,1.0,8020.665,8.595625,0.0,0.0,5.39,0.0,0.0,3.1204232554924283,Historical Untrained Local,0.0,0.5,11.0,ood_nodes_24,0.0,0.0,0.5,314,0.085
0.365,0.0,0.0,200,0.6,0.495,1.799083,2.1909135349999995,2.4416680015999996,120,0.18793756631699637,0.11616650532429816,1.0,5.320915980753358,3.1925495884520148,6.449595128185889,200,0.0,0.0,0.0,0.0,0.0,0.0,0.0,0.0,0.105,0.175,0.0,0.0,0.0,0.0,1.25,10.111619735,0.0,6.680772999999999,3.926495822576916,5.165,11065.53,8.177095018664827,0.07287523014978936,1.4858333333333333,1.0,6818.49,8.283125,0.0,0.0,4.641666666666667,0.0,0.0,3.1925495884520148,Historical PPO-only Local (No KD),0.0,0.6,9.099999999999994,ood_nodes_24,0.0,0.0,0.4,314,0.035
0.09,0.0,0.0,200,0.9,0.89,1.801126,2.0748812775,2.2190345461999996,180,0.4314091383348975,0.22698612862547288,1.0,2.317985205087873,2.0861866845790855,2.34402998267313,200,0.0,0.0,0.0,0.0,0.0,0.0,0.0,0.0,0.01,0.011111111111111112,0.0,0.0,0.0,0.0,2.4,7.405800529999999,0.0,5.083772864999999,8.99690840703249,3.965,8114.055,8.462619999252068,0.11604153541001412,1.1452711640211641,1.0,4999.815,5.988125,0.0,0.0,3.7055555555555557,0.0,0.0,2.0861866845790855,Historical KD-only Local,0.0,0.9,7.0,ood_nodes_24,0.0,0.0,0.1,314,0.01
0.065,0.0,0.0,200,0.925,0.915,1.8069035,2.1240078049999993,2.2512698184,185,0.4503527183792496,0.24438573315719947,1.0,2.2204817672664365,2.0539456347214538,2.2447493275644304,200,0.0,0.0,0.0,0.0,0.0,0.0,0.0,0.0,0.01,0.010810810810810811,0.0,0.0,0.0,0.0,2.4216216216216218,7.06009166,0.0,4.8432641499999995,9.41912744884982,3.785,7703.85,8.570486284380998,0.1151788237419996,1.1277027027027027,1.0,4747.05,5.693125,0.0,0.0,3.6648648648648647,0.0,0.0,2.0539456347214538,Historical KD+PPO Local,0.0,0.925,7.0,ood_nodes_24,0.0,0.0,0.075,314,0.01
0.15,0.0,0.0,200,0.84,0.805,2.86676275,3.2845953449999996,3.4995572089999993,168,0.36246204378913016,0.21566110397946084,1.0,2.758909566215906,2.3174840356213613,2.8788621560513805,200,0.0,0.0,0.0,0.0,0.0,0.0,0.0,0.0,0.035,0.041666666666666664,0.0,0.0,0.0,0.0,2.482142857142857,11.730659930000002,0.0,5.0300313249999995,7.994772237963536,3.895,8094.045,7.834927667629816,0.10420240461826331,1.1006944444444446,1.0,42233.845,5.74625,0.0,0.0,3.5595238095238093,0.0,0.0,2.3174840356213617,Privileged Global Teacher,0.0,0.84,7.0,ood_nodes_24,0.0,0.0,0.16,314,0.01
0.06,0.0,0.0,200,0.935,0.93,2.51961725,3.0752751199999997,3.196539482599998,187,0.4590286381507072,0.2652482269503546,1.0,2.178513314613025,2.0369099491631784,2.190225751788364,200,0.0,0.0,0.0,0.0,0.0,0.0,0.0,0.0,0.005,0.0053475935828877,0.0,0.0,0.0,0.0,2.823529411764706,9.263030415000001,0.0,4.460012225,9.612728495222681,3.525,7173.585,8.633762105701402,0.11222268722274094,1.0163674560733387,1.0,5338.065,5.219375,0.0,0.0,3.3475935828877006,0.0,0.0,2.0369099491631784,Geo-Residual Student,0.0,0.935,6.0,ood_nodes_24,0.0,0.0,0.065,314,0.005
0.055,0.0,0.0,200,0.94,0.935,1.444136,1.7698291175,1.8221054013999995,188,0.4772484301009235,0.26220362622036264,1.0,2.0953447658036937,1.969624079855472,2.1065498180272426,200,0.0,0.0,0.0,0.0,0.0,0.0,0.0,0.0,0.005,0.005319148936170213,0.0,0.0,0.0,0.0,2.771276595744681,5.3575187600000005,0.0,4.546923984999999,9.683065129876137,3.585,7283.64,9.30609646200957,0.12100065756927844,1.0313133232016212,1.0,6351.8,5.315,0.0,0.0,3.404255319148936,0.0,0.0,1.969624079855472,Predictive Prior Only,0.0,0.94,6.0,ood_nodes_24,0.0,0.0,0.06,314,0.005
0.055,0.0,0.0,200,0.94,0.935,2.821349,3.3162196649999993,3.808631791,188,0.4772484301009235,0.26220362622036264,1.0,2.0953447658036937,1.969624079855472,2.1065498180272426,200,0.0,0.0,0.0,0.0,0.0,0.0,0.0,0.0,0.005,0.005319148936170213,0.0,0.0,0.0,0.0,2.771276595744681,10.458604679999999,0.0,4.60231029,9.683065129876137,3.585,7283.64,9.30609646200957,0.12100065756927844,1.0313133232016212,1.0,6351.8,5.315,0.0,0.0,3.404255319148936,0.0,0.0,1.969624079855472,Predictive Student (No Switch),0.0,0.94,6.0,ood_nodes_24,0.0,0.0,0.06,314,0.005
0.06,0.0,0.058823529411764705,200,0.935,0.935,5.956734,6.496906467499999,6.8597449068000005,187,0.46582569984005806,0.26008344923504867,1.0,2.1467256966357833,2.0071885263544575,2.1467256966357833,200,0.0,0.0,0.0,0.0,0.0,0.0,0.0,0.0,0.0,0.0,0.0,0.0,0.0,0.0,2.7914438502673797,21.95397969,0.0,4.603588755,9.601111537197058,3.595,7313.655,9.185512771372196,0.11899233812635603,1.0247962821492234,1.0,5703.175,5.31875,2.82,0.016495609243718897,3.379679144385027,0.04311560648607045,0.41,2.007188526354458,SwitchGLOBE Exact,0.016415868673050615,0.935,6.0,ood_nodes_24,0.1121751025991792,0.0,0.065,314,0.005
0.2,0.0,0.0,200,0.79,0.7,2.114642,2.511298985,2.732266341,158,0.2788196328879135,0.1723009814612868,1.0,3.5865480118539703,2.8333729293646366,4.047675613378052,200,0.0,0.0,0.0,0.0,0.0,0.0,0.0,0.0,0.09,0.11392405063291139,0.0,0.0,0.0,0.0,1.879746835443038,10.281493355,0.0,6.2304286950000005,7.121573564841467,4.585,9574.785,7.827297615589207,0.08360149345614701,1.3120253164556963,1.0,9574.785,6.860625,0.0,0.0,4.10126582278481,0.0,0.02,2.833372929364636,FastSwitchGLOBE,0.0,0.79,9.0,ood_nodes_24,0.0041797283176593526,0.0,0.21,314,0.01
