baseline,ci95_high,ci95_low,count,definition,mean,metric,question,standard_deviation,variant
Fixed Manual Prior,0.0,0.0,5,per-seed minimum direction-aligned scenario effect,0.0,connected_pair_pdr,risk supervision vs fixed manual,0.0,Risk-Oracle Only
Fixed Manual Prior,0.0,0.0,5,per-seed minimum direction-aligned scenario effect,0.0,deadline_delivery_ratio,risk supervision vs fixed manual,0.0,Risk-Oracle Only
Fixed Manual Prior,0.0,0.0,5,per-seed minimum direction-aligned scenario effect,0.0,p95_success_delay,risk supervision vs fixed manual,0.0,Risk-Oracle Only
Fixed Manual Prior,-0.010668436301483529,-0.013668706833716928,5,per-seed minimum direction-aligned scenario effect,-0.012168571567600229,mean_transmission_energy_proxy,risk supervision vs fixed manual,0.0012083589446980098,Risk-Oracle Only
Fixed Manual Prior,-0.0028714344712981177,-0.0028714344712981177,5,per-seed minimum direction-aligned scenario effect,-0.0028714344712981177,energy_per_delivered_packet,risk supervision vs fixed manual,0.0,Risk-Oracle Only
Fixed Manual Prior,-1.0,-1.0,5,per-seed minimum direction-aligned scenario effect,-1.0,connected_pair_pdr,shortest supervision vs fixed manual,0.0,Shortest-Oracle Only
Fixed Manual Prior,-1.0,-1.0,5,per-seed minimum direction-aligned scenario effect,-1.0,deadline_delivery_ratio,shortest supervision vs fixed manual,0.0,Shortest-Oracle Only
Fixed Manual Prior,0.0,0.0,5,per-seed minimum direction-aligned scenario effect,0.0,p95_success_delay,shortest supervision vs fixed manual,0.0,Shortest-Oracle Only
Fixed Manual Prior,-0.02035487943099068,-0.02035487943099068,5,per-seed minimum direction-aligned scenario effect,-0.02035487943099068,mean_transmission_energy_proxy,shortest supervision vs fixed manual,0.0,Shortest-Oracle Only
Fixed Manual Prior,-177.17002561432176,-177.17002561432176,5,per-seed minimum direction-aligned scenario effect,-177.17002561432176,energy_per_delivered_packet,shortest supervision vs fixed manual,0.0,Shortest-Oracle Only
Risk-Oracle Only,0.0,0.0,5,per-seed minimum direction-aligned scenario effect,0.0,connected_pair_pdr,add shortest label without teacher,0.0,Shortest+Risk (No Teacher)
Risk-Oracle Only,0.0,0.0,5,per-seed minimum direction-aligned scenario effect,0.0,deadline_delivery_ratio,add shortest label without teacher,0.0,Shortest+Risk (No Teacher)
Risk-Oracle Only,0.0,0.0,5,per-seed minimum direction-aligned scenario effect,0.0,p95_success_delay,add shortest label without teacher,0.0,Shortest+Risk (No Teacher)
Risk-Oracle Only,-0.010309393486045544,-0.015018309829807536,5,per-seed minimum direction-aligned scenario effect,-0.01266385165792654,mean_transmission_energy_proxy,add shortest label without teacher,0.0018965160383666402,Shortest+Risk (No Teacher)
Risk-Oracle Only,-0.008143134267145635,-0.008143134267145635,5,per-seed minimum direction-aligned scenario effect,-0.008143134267145635,energy_per_delivered_packet,add shortest label without teacher,0.0,Shortest+Risk (No Teacher)
Fixed Manual Prior,0.2306797181288357,-0.8826797181288356,5,per-seed minimum direction-aligned scenario effect,-0.32599999999999996,connected_pair_pdr,teacher distillation vs fixed manual,0.4484055084407416,Teacher Distillation Only
Fixed Manual Prior,0.2306797181288357,-0.8826797181288356,5,per-seed minimum direction-aligned scenario effect,-0.32599999999999996,deadline_delivery_ratio,teacher distillation vs fixed manual,0.4484055084407416,Teacher Distillation Only
Fixed Manual Prior,0.0,0.0,5,per-seed minimum direction-aligned scenario effect,0.0,p95_success_delay,teacher distillation vs fixed manual,0.0,Teacher Distillation Only
Fixed Manual Prior,-0.007915385913711728,-0.031488674865650476,5,per-seed minimum direction-aligned scenario effect,-0.019702030389681102,mean_transmission_energy_proxy,teacher distillation vs fixed manual,0.009494142029859477,Teacher Distillation Only
Fixed Manual Prior,1.6495275066310222,-5.30726183748375,5,per-seed minimum direction-aligned scenario effect,-1.8288671654263642,energy_per_delivered_packet,teacher distillation vs fixed manual,2.801846880148921,Teacher Distillation Only
Shortest+Risk (No Teacher),-0.0012240000000000011,-0.006776000000000006,5,per-seed minimum direction-aligned scenario effect,-0.0040000000000000036,connected_pair_pdr,primary teacher contribution,0.002236067977499792,Teacher+Shortest+Risk
Shortest+Risk (No Teacher),-0.0050000000000000044,-0.0050000000000000044,5,per-seed minimum direction-aligned scenario effect,-0.0050000000000000044,deadline_delivery_ratio,primary teacher contribution,0.0,Teacher+Shortest+Risk
Shortest+Risk (No Teacher),0.0,0.0,5,per-seed minimum direction-aligned scenario effect,0.0,p95_success_delay,primary teacher contribution,0.0,Teacher+Shortest+Risk
Shortest+Risk (No Teacher),0.0018885376111353767,-0.010432900135101796,5,per-seed minimum direction-aligned scenario effect,-0.00427218126198321,mean_transmission_energy_proxy,primary teacher contribution,0.004962459002362776,Teacher+Shortest+Risk
Shortest+Risk (No Teacher),0.0030778704796377964,-0.010165589502887824,5,per-seed minimum direction-aligned scenario effect,-0.003543859511625014,energy_per_delivered_packet,primary teacher contribution,0.005333803454291331,Teacher+Shortest+Risk
Teacher Distillation Only,-0.0012240000000000016,-0.006776000000000006,5,per-seed minimum direction-aligned scenario effect,-0.0040000000000000036,connected_pair_pdr,add oracle labels to teacher,0.0022360679774997916,Teacher+Shortest+Risk
Teacher Distillation Only,-0.0032240000000000033,-0.008776000000000008,5,per-seed minimum direction-aligned scenario effect,-0.006000000000000005,deadline_delivery_ratio,add oracle labels to teacher,0.0022360679774997916,Teacher+Shortest+Risk
Teacher Distillation Only,0.013998917629829712,-0.053998917629827434,5,per-seed minimum direction-aligned scenario effect,-0.019999999999998862,p95_success_delay,add oracle labels to teacher,0.02738612787525675,Teacher+Shortest+Risk
Teacher Distillation Only,0.7386235280400639,-2.936538581129586,5,per-seed minimum direction-aligned scenario effect,-1.0989575265447609,mean_transmission_energy_proxy,add oracle labels to teacher,1.4801715245739986,Teacher+Shortest+Risk
Teacher Distillation Only,0.000387664034296676,-0.05037944578391983,5,per-seed minimum direction-aligned scenario effect,-0.024995890874811577,energy_per_delivered_packet,add oracle labels to teacher,0.02044645327354631,Teacher+Shortest+Risk
Teacher+Shortest+Risk,0.0012073247055394169,-0.011207324705539427,5,per-seed minimum direction-aligned scenario effect,-0.0050000000000000044,connected_pair_pdr,historical Phase11 reference vs matched full,0.0050000000000000044,Existing Phase11 Predictive Prior
Teacher+Shortest+Risk,-0.0008065795471577705,-0.01119342045284224,5,per-seed minimum direction-aligned scenario effect,-0.006000000000000005,deadline_delivery_ratio,historical Phase11 reference vs matched full,0.004183300132670382,Existing Phase11 Predictive Prior
Teacher+Shortest+Risk,-0.10838661457239307,-1.251613385427598,5,per-seed minimum direction-aligned scenario effect,-0.6799999999999955,p95_success_delay,historical Phase11 reference vs matched full,0.460434577328857,Existing Phase11 Predictive Prior
Teacher+Shortest+Risk,-0.009686665909309316,-0.027361060852610756,5,per-seed minimum direction-aligned scenario effect,-0.018523863380960036,mean_transmission_energy_proxy,historical Phase11 reference vs matched full,0.007118362491786846,Existing Phase11 Predictive Prior
Teacher+Shortest+Risk,-0.00848976196691954,-0.037778410969736984,5,per-seed minimum direction-aligned scenario effect,-0.023134086468328263,energy_per_delivered_packet,historical Phase11 reference vs matched full,0.011796003267188626,Existing Phase11 Predictive Prior
