ci95_high,ci95_low,count,direction,evidence,mean,method_a,method_b,metric,relative_ci95_high_percent,relative_ci95_low_percent,relative_mean_percent,standard_deviation
-0.00010821973446521749,-0.036063717962389386,5,higher_is_better,five-seed scenario-macro paired mean,-0.0180859688484273,FastSwitchGLOBE,SwitchGLOBE Exact,connected_pair_pdr,-0.009814613916067083,-3.98800379467336,-1.9989092042947134,0.014481076765582076
0.0013324377850430016,-0.0347610092136145,5,higher_is_better,five-seed scenario-macro paired mean,-0.016714285714285747,FastSwitchGLOBE,SwitchGLOBE Exact,overall_pdr,0.15805581395121449,-4.073746367997771,-1.957845277023278,0.014536635632435867
0.0009618891353204914,-0.04624760342103482,5,higher_is_better,five-seed scenario-macro paired mean,-0.022642857142857166,FastSwitchGLOBE,SwitchGLOBE Exact,deadline_delivery_ratio,0.11629482406219438,-5.523840296906679,-2.703772736422242,0.019013622935749427
-0.02352529197845188,-0.4207604223072628,5,lower_is_better,five-seed scenario-macro paired mean,-0.22214285714285734,FastSwitchGLOBE,SwitchGLOBE Exact,p95_success_delay,-0.5192478711860096,-9.934177188121858,-5.226712529653934,0.159986447130081
-0.0030903367236292945,-0.2798738441855331,5,lower_is_better,five-seed scenario-macro paired mean,-0.1414820904545812,FastSwitchGLOBE,SwitchGLOBE Exact,energy_per_delivered_packet,-0.14543352136771937,-12.550257239513458,-6.347845380440589,0.11147455650858022
-1386.8720699811483,-1844.17035859028,5,lower_is_better,five-seed scenario-macro paired mean,-1615.5212142857142,FastSwitchGLOBE,SwitchGLOBE Exact,mean_policy_input_bytes,-28.364673144455764,-38.727935096821795,-33.54630412063878,184.17688388406637
0.10797894028856891,0.07004270952710095,5,higher_is_better,five-seed scenario-macro paired mean,0.08901082490783493,FastSwitchGLOBE,AODV,connected_pair_pdr,13.527927995288731,8.775162346891968,11.15154517109035,0.015278816785439653
0.1207684001454387,0.08280302842598995,5,higher_is_better,five-seed scenario-macro paired mean,0.10178571428571433,FastSwitchGLOBE,AODV,overall_pdr,16.415122349865456,11.254780562755915,13.834951456310685,0.015290553306148326
0.10327132012227677,0.05530010844915187,5,higher_is_better,five-seed scenario-macro paired mean,0.07928571428571432,FastSwitchGLOBE,AODV,deadline_delivery_ratio,14.036878463222084,7.516519595030349,10.776699029126217,0.019320405306941416
-0.4436369087744605,-0.8149345197969675,5,lower_is_better,five-seed scenario-macro paired mean,-0.629285714285714,FastSwitchGLOBE,AODV,p95_success_delay,-11.50169763489342,-21.127931994736194,-16.314814814814806,0.1495401113345823
13.19038813735881,12.909985928339825,5,lower_is_better,five-seed scenario-macro paired mean,13.050187032849317,FastSwitchGLOBE,AODV,energy_per_delivered_packet,85.54309373777238,83.7246125679535,84.63385315286294,0.11293198854602902
-6081.44613729884,-6506.968291272588,5,lower_is_better,five-seed scenario-macro paired mean,-6294.207214285714,FastSwitchGLOBE,AODV,mean_policy_input_bytes,-4260.985665242028,-4559.129191862225,-4410.057428552126,171.3790457884427
0.14042699703064554,0.10249076626917758,5,higher_is_better,five-seed scenario-macro paired mean,0.12145888164991156,FastSwitchGLOBE,OLSR,connected_pair_pdr,18.33861841047754,13.38445664260496,15.86153752654125,0.015278816785439653
0.15255411443115288,0.11458874271170413,5,higher_is_better,five-seed scenario-macro paired mean,0.1335714285714285,FastSwitchGLOBE,OLSR,overall_pdr,21.671817372259163,16.27846167391028,18.97513952308472,0.015290553306148324
0.13505703440799097,0.08708582273486606,5,higher_is_better,five-seed scenario-macro paired mean,0.11107142857142852,FastSwitchGLOBE,OLSR,deadline_delivery_ratio,19.18618449225645,12.371400489986044,15.778792491121248,0.019320405306941416
-1.1614940516316044,-1.5327916626541114,5,lower_is_better,five-seed scenario-macro paired mean,-1.3471428571428579,FastSwitchGLOBE,OLSR,p95_success_delay,-36.998672861985135,-48.826128048140085,-42.91240045506261,0.1495401113345823
24.934404572381013,24.654002363362032,5,lower_is_better,five-seed scenario-macro paired mean,24.794203467871522,FastSwitchGLOBE,OLSR,energy_per_delivered_packet,91.79344898349326,90.76117705601548,91.27731301975437,0.11293198854602854
-6086.474351584554,-6511.9965055583025,5,lower_is_better,five-seed scenario-macro paired mean,-6299.235428571428,FastSwitchGLOBE,OLSR,mean_policy_input_bytes,-4420.235141781763,-4729.265932014496,-4574.750536898129,171.3790457884427
0.22292541500248542,0.18498918424101746,5,higher_is_better,five-seed scenario-macro paired mean,0.20395729962175144,FastSwitchGLOBE,Greedy Geographic,connected_pair_pdr,32.627388327812916,27.075037409304425,29.85121286855867,0.015278816785439653
0.21469697157401005,0.1767315998545613,5,higher_is_better,five-seed scenario-macro paired mean,0.19571428571428567,FastSwitchGLOBE,Greedy Geographic,overall_pdr,33.45306179227759,27.53747799625886,30.495269894268223,0.015290553306148324
0.2018427486937053,0.1538715370205804,5,higher_is_better,five-seed scenario-macro paired mean,0.17785714285714285,FastSwitchGLOBE,Greedy Geographic,deadline_delivery_ratio,31.679355176142092,24.150241236413965,27.91479820627803,0.019320405306941416
-0.7329226230601746,-1.1042202340826817,5,lower_is_better,five-seed scenario-macro paired mean,-0.9185714285714282,FastSwitchGLOBE,Greedy Geographic,p95_success_delay,-20.542375821506393,-30.949115669985073,-25.745745745745733,0.1495401113345823
23.531427160494808,23.251024951475827,5,lower_is_better,five-seed scenario-macro paired mean,23.391226055985317,FastSwitchGLOBE,Greedy Geographic,energy_per_delivered_packet,91.34650302850002,90.25801141000812,90.80225721925407,0.11293198854602854
-3940.3736372988396,-4365.895791272588,5,lower_is_better,five-seed scenario-macro paired mean,-4153.134714285714,FastSwitchGLOBE,Greedy Geographic,mean_policy_input_bytes,-172.53611521599768,-191.16834305602114,-181.8522291360094,171.3790457884427
0.020840847961548916,-0.02020090318871365,5,higher_is_better,five-seed scenario-macro paired mean,0.00031997238641763294,FastSwitchGLOBE,Evo-QGeo (Adapted),connected_pair_pdr,2.3500191586705337,-2.273596644674041,0.038211256998246144,0.016529565109441157
0.015194729779718212,-0.024909015494003955,5,higher_is_better,five-seed scenario-macro paired mean,-0.004857142857142871,FastSwitchGLOBE,Evo-QGeo (Adapted),overall_pdr,1.8026795186877975,-2.952696753249126,-0.5750086172806642,0.016151783246465903
0.025128550160144827,-0.025842835874430585,5,higher_is_better,five-seed scenario-macro paired mean,-0.00035714285714287807,FastSwitchGLOBE,Evo-QGeo (Adapted),deadline_delivery_ratio,3.0813248262753685,-3.1627882976376105,-0.040731735681121116,0.020528725518857004
0.3265220701532893,-0.18509349872471786,5,lower_is_better,five-seed scenario-macro paired mean,0.07071428571428573,FastSwitchGLOBE,Evo-QGeo (Adapted),p95_success_delay,7.108549192704369,-4.103799947044343,1.502374622830013,0.20605316829222803
0.02716111670575326,-0.2695001237730855,5,lower_is_better,five-seed scenario-macro paired mean,-0.12116950353366614,FastSwitchGLOBE,Evo-QGeo (Adapted),energy_per_delivered_packet,1.226577926711676,-12.030866783033005,-5.402144428160664,0.11948031340059365
245.36021014536212,-216.19078157393355,5,lower_is_better,five-seed scenario-macro paired mean,14.58471428571429,FastSwitchGLOBE,Evo-QGeo (Adapted),mean_policy_input_bytes,3.8087197652730587,-3.3681693610208607,0.22027520212609902,185.88966004445024
0.2732239734486627,0.05090482761369319,5,higher_is_better,five-seed scenario-macro paired mean,0.16206440053117796,FastSwitchGLOBE,RDQN-HERP (Adapted),connected_pair_pdr,47.46061295075654,1.4087807270183212,24.43469683888743,0.0895390350840564
0.2539811164463803,0.056733169267905406,5,higher_is_better,five-seed scenario-macro paired mean,0.15535714285714283,FastSwitchGLOBE,RDQN-HERP (Adapted),overall_pdr,46.16655163521446,3.12184746864666,24.64419955193056,0.07944160992675751
0.34333722820698154,0.08751991465016126,5,higher_is_better,five-seed scenario-macro paired mean,0.21542857142857139,FastSwitchGLOBE,RDQN-HERP (Adapted),deadline_delivery_ratio,80.27719083670345,1.4903193093502125,40.88375507302683,0.10303042199827607
2.150696332913234,1.2021608099439085,5,lower_is_better,five-seed scenario-macro paired mean,1.6764285714285712,FastSwitchGLOBE,RDQN-HERP (Adapted),p95_success_delay,32.93861422999782,21.040017719029,26.98931597451341,0.3820226780318309
1.5113126509502883,0.44632413431315743,5,lower_is_better,five-seed scenario-macro paired mean,0.9788183926317229,FastSwitchGLOBE,RDQN-HERP (Adapted),energy_per_delivered_packet,39.92491388873203,16.358045106160368,28.1414794974462,0.42892412075959846
-1056.7069359247123,-1862.4417783610013,5,lower_is_better,five-seed scenario-macro paired mean,-1459.5743571428568,FastSwitchGLOBE,RDQN-HERP (Adapted),mean_policy_input_bytes,-19.437044123210416,-40.05715551175162,-29.74709981748102,324.50970452586904
0.33510559278654123,0.08772492885128942,5,higher_is_better,five-seed scenario-macro paired mean,0.21141526081891532,FastSwitchGLOBE,GAT-GRU-DDQN,connected_pair_pdr,57.771845908987736,8.88913544440441,33.33049067669607,0.09963256139737998
0.32486816769154647,0.08270326087988214,5,higher_is_better,five-seed scenario-macro paired mean,0.2037857142857143,FastSwitchGLOBE,GAT-GRU-DDQN,overall_pdr,59.705517833905134,9.002747686699994,34.35413276030256,0.09753191523699267
0.3470032197017266,0.11956820886970175,5,higher_is_better,five-seed scenario-macro paired mean,0.23328571428571418,FastSwitchGLOBE,GAT-GRU-DDQN,deadline_delivery_ratio,69.5913391503258,15.291252265119656,42.44129570772272,0.09159944969088772
1.3291993164646163,0.6865149692496697,5,lower_is_better,five-seed scenario-macro paired mean,1.007857142857143,FastSwitchGLOBE,GAT-GRU-DDQN,p95_success_delay,22.85627917783099,13.562253943793394,18.209266560812193,0.258841118236257
37.025908571766735,-15.382527776884096,5,lower_is_better,five-seed scenario-macro paired mean,10.82169039744132,FastSwitchGLOBE,GAT-GRU-DDQN,energy_per_delivered_packet,86.55418079223722,1.9561386777564778,44.255159734996845,21.107497527027043
-1615.1861592974733,-2356.239983559669,5,lower_is_better,five-seed scenario-macro paired mean,-1985.713071428571,FastSwitchGLOBE,GAT-GRU-DDQN,mean_policy_input_bytes,-33.533687994358324,-56.697041211988356,-45.11536460317334,298.4594247183813
0.10851976145133639,0.1056738260611881,5,higher_is_better,five-seed scenario-macro paired mean,0.10709679375626224,SwitchGLOBE Exact,AODV,connected_pair_pdr,13.595683705140063,13.239136317896945,13.417410011518504,0.0011462004668486986
0.11998383441509793,0.11701616558490223,5,higher_is_better,five-seed scenario-macro paired mean,0.11850000000000008,SwitchGLOBE Exact,AODV,overall_pdr,16.30848234768321,15.905109885326516,16.106796116504864,0.0011952286093344462
0.10328069972824404,0.10057644312889892,5,higher_is_better,five-seed scenario-macro paired mean,0.10192857142857148,SwitchGLOBE Exact,AODV,deadline_delivery_ratio,14.03815336112055,13.670584502957137,13.854368932038843,0.0010891393344268903
-0.32562837414274504,-0.48865734014296835,5,lower_is_better,five-seed scenario-macro paired mean,-0.4071428571428567,SwitchGLOBE Exact,AODV,p95_success_delay,-8.4422171074045,-12.668894003706585,-10.555555555555543,0.06565991539589362
13.194557112981945,13.188781133625854,5,lower_is_better,five-seed scenario-macro paired mean,13.1916691233039,SwitchGLOBE Exact,AODV,energy_per_delivered_packet,85.57013062772639,85.53267190108845,85.55140126440742,0.0023262756622572643
-4548.433899000147,-4808.938100999852,5,lower_is_better,five-seed scenario-macro paired mean,-4678.686,SwitchGLOBE Exact,AODV,mean_policy_input_bytes,-3186.8754906951767,-3369.3986349269667,-3278.1370628110717,104.91806629965409
0.140967818193413,0.13812188280326473,5,higher_is_better,five-seed scenario-macro paired mean,0.13954485049833887,SwitchGLOBE Exact,OLSR,connected_pair_pdr,18.40924523539027,18.03758932702235,18.22341728120631,0.0011462004668486986
0.1517695487008121,0.14880187987061644,5,higher_is_better,five-seed scenario-macro paired mean,0.15028571428571427,SwitchGLOBE Exact,OLSR,overall_pdr,21.560362068101163,21.138775425556872,21.349568746829018,0.0011952286093344462
0.13506641401395822,0.13236215741461313,5,higher_is_better,five-seed scenario-macro paired mean,0.13371428571428567,SwitchGLOBE Exact,OLSR,deadline_delivery_ratio,19.187516957842874,18.803350622065793,18.995433789954333,0.0010891393344268903
-1.0434855169998887,-1.2065144830001122,5,lower_is_better,five-seed scenario-macro paired mean,-1.1250000000000004,SwitchGLOBE Exact,OLSR,p95_success_delay,-33.239584159268375,-38.432770789537145,-35.83617747440276,0.06565991539589362
24.93857354800415,24.932797568648063,5,lower_is_better,five-seed scenario-macro paired mean,24.935685558326107,SwitchGLOBE Exact,OLSR,energy_per_delivered_packet,91.80879663898126,91.78753296433392,91.79816480165759,0.002326275662256987
-4553.462113285861,-4813.966315285566,5,lower_is_better,five-seed scenario-macro paired mean,-4683.714214285714,SwitchGLOBE Exact,OLSR,mean_policy_input_bytes,-3306.9018428834834,-3496.0901581125017,-3401.4960004979926,104.91806629965409
0.22346623616525288,0.2206203007751046,5,higher_is_better,five-seed scenario-macro paired mean,0.22204326847017875,SwitchGLOBE Exact,Greedy Geographic,connected_pair_pdr,32.70654297284662,32.29001155524581,32.498277264046216,0.0011462004668486986
0.2139124058436693,0.21094473701347363,5,higher_is_better,five-seed scenario-macro paired mean,0.21242857142857147,SwitchGLOBE Exact,Greedy Geographic,overall_pdr,33.330814488718644,32.868406435043184,33.099610461880914,0.0011952286093344462
0.20185212829967253,0.19914787170032744,5,higher_is_better,five-seed scenario-macro paired mean,0.20049999999999998,SwitchGLOBE Exact,Greedy Geographic,deadline_delivery_ratio,31.68082731160781,31.25639241933391,31.46860986547086,0.0010891393344268903
-0.6149140884284592,-0.7779430544286825,5,lower_is_better,five-seed scenario-macro paired mean,-0.6964285714285708,SwitchGLOBE Exact,Greedy Geographic,p95_success_delay,-17.234829305302156,-21.804209733736847,-19.519519519519502,0.06565991539589362
23.53559613611794,23.529820156761854,5,lower_is_better,five-seed scenario-macro paired mean,23.532708146439898,SwitchGLOBE Exact,Greedy Geographic,energy_per_delivered_packet,91.36268654944784,91.34026481054757,91.3514756799977,0.002326275662256987
-2407.3613990001472,-2667.8656009998535,5,lower_is_better,five-seed scenario-macro paired mean,-2537.6135000000004,SwitchGLOBE Exact,Greedy Geographic,mean_policy_input_bytes,-105.41050720996226,-116.81713692269274,-111.1138220663275,104.91806629965409
0.021607289759875144,0.015204592709814732,5,higher_is_better,five-seed scenario-macro paired mean,0.018405941234844937,SwitchGLOBE Exact,Evo-QGeo (Adapted),connected_pair_pdr,2.4404890941352915,1.7109867332465956,2.0757379136909435,0.0025786862109640585
0.014754422172047104,0.00895986354223865,5,higher_is_better,five-seed scenario-macro paired mean,0.011857142857142877,SwitchGLOBE Exact,Evo-QGeo (Adapted),overall_pdr,1.753815336641951,1.0620333321038684,1.4079243343729098,0.0023337584646721437
0.025671119865371652,0.018900308706056922,5,higher_is_better,five-seed scenario-macro paired mean,0.022285714285714287,SwitchGLOBE Exact,Evo-QGeo (Adapted),deadline_delivery_ratio,3.155265072700867,2.3123566593228726,2.73381086601187,0.002726944166974404
0.43539547368468545,0.1503188120296006,5,lower_is_better,five-seed scenario-macro paired mean,0.29285714285714304,SwitchGLOBE Exact,Evo-QGeo (Adapted),p95_success_delay,9.415373834253263,3.3844675335243153,6.399920683888789,0.11481462432627478
0.03236657177252267,0.008258602069307508,5,lower_is_better,five-seed scenario-macro paired mean,0.020312586920915088,SwitchGLOBE Exact,Evo-QGeo (Adapted),energy_per_delivered_packet,1.4351503759940858,0.36950956963238235,0.9023299728132341,0.009709484700269189
1753.4625426963646,1506.7493144464927,5,lower_is_better,five-seed scenario-macro paired mean,1630.1059285714286,SwitchGLOBE Exact,Evo-QGeo (Adapted),mean_policy_input_bytes,27.190089094482875,23.34537579205175,25.267732443267313,99.36375167779813
0.30645647537235665,0.053844263386853886,5,higher_is_better,five-seed scenario-macro paired mean,0.18015036937960527,SwitchGLOBE Exact,RDQN-HERP (Adapted),connected_pair_pdr,53.18483095431925,1.223241235901952,27.204036095110602,0.10173956735341703
0.2859474339084187,0.05819542323443849,5,higher_is_better,five-seed scenario-macro paired mean,0.1720714285714286,SwitchGLOBE Exact,RDQN-HERP (Adapted),overall_pdr,51.912673000582515,2.8194088050628245,27.366040902822668,0.09172712137595057
0.3842654969270473,0.09187736021580978,5,higher_is_better,five-seed scenario-macro paired mean,0.23807142857142854,SwitchGLOBE Exact,RDQN-HERP (Adapted),deadline_delivery_ratio,89.88037674285053,0.7726190247067279,45.32649788377863,0.11775932087550955
2.4094564088292754,1.3876864483135813,5,lower_is_better,five-seed scenario-macro paired mean,1.8985714285714284,SwitchGLOBE Exact,RDQN-HERP (Adapted),p95_success_delay,36.55678898565961,24.573450772142124,30.565119878900866,0.41151784745683856
1.7524262192142266,0.4881747469583817,5,lower_is_better,five-seed scenario-macro paired mean,1.1203004830863041,SwitchGLOBE Exact,RDQN-HERP (Adapted),energy_per_delivered_packet,45.65093622250751,18.63652532067104,32.143730771589276,0.5091772753274962
623.4477759164994,-311.5540616307843,5,lower_is_better,five-seed scenario-macro paired mean,155.9468571428575,SwitchGLOBE Exact,RDQN-HERP (Adapted),mean_policy_input_bytes,12.017604977319772,-6.535123891486487,2.7412405429166427,376.5719862829506
0.3399982064747535,0.11900425285993171,5,higher_is_better,five-seed scenario-macro paired mean,0.2295012296673426,SwitchGLOBE Exact,GAT-GRU-DDQN,connected_pair_pdr,58.927414618439514,12.851757446265882,35.889586032352696,0.08900531392276241
0.3280983684778819,0.11290163152211813,5,higher_is_better,five-seed scenario-macro paired mean,0.2205,SwitchGLOBE Exact,GAT-GRU-DDQN,overall_pdr,60.597091896382146,13.11234091230616,36.85471640434415,0.08667048493682078
0.35408630888815057,0.15777083396899222,5,higher_is_better,five-seed scenario-macro paired mean,0.2559285714285714,SwitchGLOBE Exact,GAT-GRU-DDQN,deadline_delivery_ratio,71.55022485350449,20.823857625137887,46.18704123932119,0.07906605672809676
1.6128198304206112,0.8471801695793892,5,lower_is_better,five-seed scenario-macro paired mean,1.2300000000000002,SwitchGLOBE Exact,GAT-GRU-DDQN,p95_success_delay,27.643772877263764,16.752191146337175,22.19798201180047,0.3083613703009468
37.21997895493628,-15.293633979144477,5,lower_is_better,five-seed scenario-macro paired mean,10.9631724878959,SwitchGLOBE Exact,GAT-GRU-DDQN,energy_per_delivered_packet,86.31940795717273,8.603394422341175,47.461401189756955,21.149857396382703
52.62895597163606,-793.0126702573504,5,lower_is_better,five-seed scenario-macro paired mean,-370.19185714285715,SwitchGLOBE Exact,GAT-GRU-DDQN,mean_policy_input_bytes,1.4034771031426043,-18.94174971338287,-8.769136305120133,340.5821615366504
